<?xml version="1.0" encoding="UTF-8" standalone="yes"?>
<Content>
        
    <Views>
                
        <ViewDef id="a342070d-f1b5-4603-85ec-a87f5680113c">
                        
            <Title>DBH | Capacity | Cluster</Title>
                        
            <Description/>
                        
            <SubjectType adapterKind="VMWARE" resourceKind="ClusterComputeResource" type="descendant"/>
                        
            <SubjectType adapterKind="VMWARE" resourceKind="ClusterComputeResource" type="self"/>
                        
            <Usage>dashboard</Usage>
                        
            <Usage>report</Usage>
                        
            <Usage>details</Usage>
                        
            <Usage>content</Usage>
                        
            <Controls>
                                
                <Control id="time-interval-selector_id_370" type="time-interval-selector" visible="false">
                                        
                    <Property name="advancedTimeMode" value="false"/>
                                        
                    <Property name="unit" value="MONTHS"/>
                                        
                    <Property name="count" value="1"/>
                                    
                </Control>
                                
                <Control id="attributes-selector_id_371" type="attributes-selector" visible="false">
                                        
                    <Property name="attributeInfos">
                                                
                        <List>
                                                        
                            <Item>
                                
                                <Value>
                                        
                                    <Property name="objectType" value="RESOURCE"/>
                                        
                                    <Property name="attributeKey" value="summary|total_number_hosts"/>
                                        
                                    <Property name="isStringAttribute" value="false"/>
                                        
                                    <Property name="adapterKind" value="VMWARE"/>
                                        
                                    <Property name="resourceKind" value="ClusterComputeResource"/>
                                        
                                    <Property name="rollUpType" value="NONE"/>
                                        
                                    <Property name="rollUpCount" value="0"/>
                                        
                                    <Property name="transformations">
                                                
                                        <List>
                                                        
                                            <Item value="CURRENT"/>
                                                    
                                        </List>
                                            
                                    </Property>
                                        
                                    <Property name="isProperty" value="false"/>
                                        
                                    <Property name="yellowBound" value="12"/>
                                        
                                    <Property name="orangeBound" value="8"/>
                                        
                                    <Property name="redBound" value="4"/>
                                        
                                    <Property name="ascendingRange" value="true"/>
                                        
                                    <Property name="displayName" value="ESXi Hosts"/>
                                        
                                    <Property name="addTimestampAsColumn" value="false"/>
                                        
                                    <Property name="isShowRelativeTimestamp" value="false"/>
                                    
                                </Value>
                                                            
                            </Item>
                                                        
                            <Item>
                                
                                <Value>
                                        
                                    <Property name="objectType" value="RESOURCE"/>
                                        
                                    <Property name="attributeKey" value="OnlineCapacityAnalytics|timeRemaining"/>
                                        
                                    <Property name="id" value="extModel49711-2"/>
                                        
                                    <Property name="preferredUnitId" value="day"/>
                                        
                                    <Property name="isStringAttribute" value="false"/>
                                        
                                    <Property name="adapterKind" value="VMWARE"/>
                                        
                                    <Property name="resourceKind" value="ClusterComputeResource"/>
                                        
                                    <Property name="rollUpType" value="NONE"/>
                                        
                                    <Property name="rollUpCount" value="0"/>
                                        
                                    <Property name="transformations">
                                                
                                        <List>
                                                        
                                            <Item value="CURRENT"/>
                                                    
                                        </List>
                                            
                                    </Property>
                                        
                                    <Property name="sortCriteria" value="true"/>
                                        
                                    <Property name="isProperty" value="false"/>
                                        
                                    <Property name="yellowBound" value="120"/>
                                        
                                    <Property name="orangeBound" value="100"/>
                                        
                                    <Property name="redBound" value="90"/>
                                        
                                    <Property name="ascendingRange" value="true"/>
                                        
                                    <Property name="displayName" value="Time Remaining"/>
                                        
                                    <Property name="addTimestampAsColumn" value="false"/>
                                        
                                    <Property name="isShowRelativeTimestamp" value="false"/>
                                    
                                </Value>
                                                            
                            </Item>
                                                        
                            <Item>
                                
                                <Value>
                                        
                                    <Property name="objectType" value="RESOURCE"/>
                                        
                                    <Property name="attributeKey" value="OnlineCapacityAnalytics|capacityRemainingPercentage"/>
                                        
                                    <Property name="id" value="extModel49711-1"/>
                                        
                                    <Property name="preferredUnitId" value="percent"/>
                                        
                                    <Property name="isStringAttribute" value="false"/>
                                        
                                    <Property name="adapterKind" value="VMWARE"/>
                                        
                                    <Property name="resourceKind" value="ClusterComputeResource"/>
                                        
                                    <Property name="rollUpType" value="NONE"/>
                                        
                                    <Property name="rollUpCount" value="0"/>
                                        
                                    <Property name="transformations">
                                                
                                        <List>
                                                        
                                            <Item value="CURRENT"/>
                                                    
                                        </List>
                                            
                                    </Property>
                                        
                                    <Property name="isProperty" value="false"/>
                                        
                                    <Property name="yellowBound" value="10"/>
                                        
                                    <Property name="orangeBound" value="5"/>
                                        
                                    <Property name="redBound" value="0"/>
                                        
                                    <Property name="ascendingRange" value="true"/>
                                        
                                    <Property name="displayName" value="Capacity Remaining"/>
                                        
                                    <Property name="addTimestampAsColumn" value="false"/>
                                        
                                    <Property name="isShowRelativeTimestamp" value="false"/>
                                    
                                </Value>
                                                            
                            </Item>
                                                        
                            <Item>
                                
                                <Value>
                                        
                                    <Property name="objectType" value="RESOURCE"/>
                                        
                                    <Property name="attributeKey" value="OnlineCapacityAnalytics|capacityRemainingProfile"/>
                                        
                                    <Property name="id" value="extModel19496-1"/>
                                        
                                    <Property name="isStringAttribute" value="false"/>
                                        
                                    <Property name="adapterKind" value="VMWARE"/>
                                        
                                    <Property name="resourceKind" value="ClusterComputeResource"/>
                                        
                                    <Property name="rollUpType" value="NONE"/>
                                        
                                    <Property name="rollUpCount" value="0"/>
                                        
                                    <Property name="transformations">
                                                
                                        <List>
                                                        
                                            <Item value="CURRENT"/>
                                                    
                                        </List>
                                            
                                    </Property>
                                        
                                    <Property name="isProperty" value="false"/>
                                        
                                    <Property name="yellowBound" value="15"/>
                                        
                                    <Property name="orangeBound" value="10"/>
                                        
                                    <Property name="redBound" value="5"/>
                                        
                                    <Property name="ascendingRange" value="true"/>
                                        
                                    <Property name="displayName" value="VM Remaining"/>
                                        
                                    <Property name="addTimestampAsColumn" value="false"/>
                                        
                                    <Property name="isShowRelativeTimestamp" value="false"/>
                                    
                                </Value>
                                                            
                            </Item>
                                                        
                            <Item>
                                
                                <Value>
                                        
                                    <Property name="objectType" value="RESOURCE"/>
                                        
                                    <Property name="attributeKey" value="summary|number_running_vms"/>
                                        
                                    <Property name="isStringAttribute" value="false"/>
                                        
                                    <Property name="adapterKind" value="VMWARE"/>
                                        
                                    <Property name="resourceKind" value="ClusterComputeResource"/>
                                        
                                    <Property name="rollUpType" value="NONE"/>
                                        
                                    <Property name="rollUpCount" value="0"/>
                                        
                                    <Property name="transformations">
                                                
                                        <List>
                                                        
                                            <Item value="CURRENT"/>
                                                    
                                        </List>
                                            
                                    </Property>
                                        
                                    <Property name="isProperty" value="false"/>
                                        
                                    <Property name="displayName" value="Running VMs"/>
                                        
                                    <Property name="addTimestampAsColumn" value="false"/>
                                        
                                    <Property name="isShowRelativeTimestamp" value="false"/>
                                    
                                </Value>
                                                            
                            </Item>
                                                        
                            <Item>
                                
                                <Value>
                                        
                                    <Property name="objectType" value="RESOURCE"/>
                                        
                                    <Property name="attributeKey" value="cpu|capacity_provisioned"/>
                                        
                                    <Property name="preferredUnitId" value="ghz"/>
                                        
                                    <Property name="isStringAttribute" value="false"/>
                                        
                                    <Property name="adapterKind" value="VMWARE"/>
                                        
                                    <Property name="resourceKind" value="ClusterComputeResource"/>
                                        
                                    <Property name="rollUpType" value="NONE"/>
                                        
                                    <Property name="rollUpCount" value="0"/>
                                        
                                    <Property name="transformations">
                                                
                                        <List>
                                                        
                                            <Item value="CURRENT"/>
                                                    
                                        </List>
                                            
                                    </Property>
                                        
                                    <Property name="isProperty" value="false"/>
                                        
                                    <Property name="displayName" value="Total CPU"/>
                                        
                                    <Property name="addTimestampAsColumn" value="false"/>
                                        
                                    <Property name="isShowRelativeTimestamp" value="false"/>
                                    
                                </Value>
                                                            
                            </Item>
                                                        
                            <Item>
                                
                                <Value>
                                        
                                    <Property name="objectType" value="RESOURCE"/>
                                        
                                    <Property name="attributeKey" value="mem|host_provisioned"/>
                                        
                                    <Property name="preferredUnitId" value="tb"/>
                                        
                                    <Property name="isStringAttribute" value="false"/>
                                        
                                    <Property name="adapterKind" value="VMWARE"/>
                                        
                                    <Property name="resourceKind" value="ClusterComputeResource"/>
                                        
                                    <Property name="rollUpType" value="NONE"/>
                                        
                                    <Property name="rollUpCount" value="0"/>
                                        
                                    <Property name="transformations">
                                                
                                        <List>
                                                        
                                            <Item value="CURRENT"/>
                                                    
                                        </List>
                                            
                                    </Property>
                                        
                                    <Property name="isProperty" value="false"/>
                                        
                                    <Property name="displayName" value="Total Memory"/>
                                        
                                    <Property name="addTimestampAsColumn" value="false"/>
                                        
                                    <Property name="isShowRelativeTimestamp" value="false"/>
                                    
                                </Value>
                                                            
                            </Item>
                                                        
                            <Item>
                                
                                <Value>
                                        
                                    <Property name="objectType" value="RESOURCE"/>
                                        
                                    <Property name="attributeKey" value="summary|parentVcenter"/>
                                        
                                    <Property name="isStringAttribute" value="true"/>
                                        
                                    <Property name="adapterKind" value="VMWARE"/>
                                        
                                    <Property name="resourceKind" value="ClusterComputeResource"/>
                                        
                                    <Property name="rollUpCount" value="0"/>
                                        
                                    <Property name="transformations">
                                                
                                        <List>
                                                        
                                            <Item value="CURRENT"/>
                                                    
                                        </List>
                                            
                                    </Property>
                                        
                                    <Property name="isProperty" value="true"/>
                                        
                                    <Property name="displayName" value="vCenter"/>
                                        
                                    <Property name="addTimestampAsColumn" value="false"/>
                                        
                                    <Property name="isShowRelativeTimestamp" value="false"/>
                                    
                                </Value>
                                                            
                            </Item>
                                                        
                            <Item>
                                
                                <Value>
                                        
                                    <Property name="objectType" value="RESOURCE"/>
                                        
                                    <Property name="attributeKey" value="configuration|dasConfig|enabled"/>
                                        
                                    <Property name="isStringAttribute" value="true"/>
                                        
                                    <Property name="adapterKind" value="VMWARE"/>
                                        
                                    <Property name="resourceKind" value="ClusterComputeResource"/>
                                        
                                    <Property name="rollUpCount" value="0"/>
                                        
                                    <Property name="transformations">
                                                
                                        <List>
                                                        
                                            <Item value="CURRENT"/>
                                                    
                                        </List>
                                            
                                    </Property>
                                        
                                    <Property name="isProperty" value="true"/>
                                        
                                    <Property name="redBound" value="false"/>
                                        
                                    <Property name="ascendingRange" value="true"/>
                                        
                                    <Property name="displayName" value="HA Enabled"/>
                                        
                                    <Property name="addTimestampAsColumn" value="false"/>
                                        
                                    <Property name="isShowRelativeTimestamp" value="false"/>
                                    
                                </Value>
                                                            
                            </Item>
                                                        
                            <Item>
                                
                                <Value>
                                        
                                    <Property name="objectType" value="RESOURCE"/>
                                        
                                    <Property name="attributeKey" value="configuration|drsconfig|enabled"/>
                                        
                                    <Property name="isStringAttribute" value="true"/>
                                        
                                    <Property name="adapterKind" value="VMWARE"/>
                                        
                                    <Property name="resourceKind" value="ClusterComputeResource"/>
                                        
                                    <Property name="rollUpCount" value="0"/>
                                        
                                    <Property name="transformations">
                                                
                                        <List>
                                                        
                                            <Item value="CURRENT"/>
                                                    
                                        </List>
                                            
                                    </Property>
                                        
                                    <Property name="isProperty" value="true"/>
                                        
                                    <Property name="redBound" value="false"/>
                                        
                                    <Property name="ascendingRange" value="true"/>
                                        
                                    <Property name="displayName" value="DRS Enabled"/>
                                        
                                    <Property name="addTimestampAsColumn" value="false"/>
                                        
                                    <Property name="isShowRelativeTimestamp" value="false"/>
                                    
                                </Value>
                                                            
                            </Item>
                                                        
                            <Item>
                                
                                <Value>
                                        
                                    <Property name="objectType" value="RESOURCE"/>
                                        
                                    <Property name="attributeKey" value="configuration|drsconfig|defaultVmBehavior"/>
                                        
                                    <Property name="isStringAttribute" value="true"/>
                                        
                                    <Property name="adapterKind" value="VMWARE"/>
                                        
                                    <Property name="resourceKind" value="ClusterComputeResource"/>
                                        
                                    <Property name="rollUpCount" value="0"/>
                                        
                                    <Property name="transformations">
                                                
                                        <List>
                                                        
                                            <Item value="CURRENT"/>
                                                    
                                        </List>
                                            
                                    </Property>
                                        
                                    <Property name="isProperty" value="true"/>
                                        
                                    <Property name="displayName" value="DRS Behaviour"/>
                                        
                                    <Property name="addTimestampAsColumn" value="false"/>
                                        
                                    <Property name="isShowRelativeTimestamp" value="false"/>
                                    
                                </Value>
                                                            
                            </Item>
                                                    
                        </List>
                                            
                    </Property>
                                    
                </Control>
                                
                <Control id="pagination-control_id_372" type="pagination-control" visible="true">
                                        
                    <Property name="start" value="0"/>
                                        
                    <Property name="size" value="50"/>
                                    
                </Control>
                                
                <Control id="metadata_id_373" type="metadata" visible="false">
                                        
                    <Property name="maxPointsCount" value="5000"/>
                                        
                    <Property name="distributionColor" value="6870C4"/>
                                        
                    <Property name="hideObjectNameColumn" value="false"/>
                                        
                    <Property name="listTopResultSize" value="-1"/>
                                    
                </Control>
                            
            </Controls>
                        
            <DataProviders>
                                
                <DataProvider dataType="list-view" id="list-view_id_369"/>
                            
            </DataProviders>
                        
            <Presentation type="list"/>
                    
        </ViewDef>
            
    </Views>
    
</Content>
