<?xml version="1.0" encoding="UTF-8" standalone="yes"?>
<Content>
        
    <Views>
                
        <ViewDef id="51866264-49f3-42cb-9e33-4fb0fe77ceb7">
                        
            <Title>DBH | Tiered Memory | List</Title>
                        
            <Description/>
                        
            <SubjectType adapterKind="VMWARE" filter="[[{&quot;condition&quot;:&quot;GREATER_THAN&quot;,&quot;transform&quot;:&quot;CURRENT&quot;,&quot;metricKey&quot;:&quot;fastapi|VM Tier1 Nv Me Mb&quot;,&quot;metricValue&quot;:{&quot;isStringMetric&quot;:false,&quot;value&quot;:0},&quot;businessHours&quot;:false,&quot;filterType&quot;:&quot;metrics&quot;}]]" resourceKind="VirtualMachine" type="descendant"/>
                        
            <SubjectType adapterKind="VMWARE" filter="[[{&quot;condition&quot;:&quot;GREATER_THAN&quot;,&quot;transform&quot;:&quot;CURRENT&quot;,&quot;metricKey&quot;:&quot;fastapi|VM Tier1 Nv Me Mb&quot;,&quot;metricValue&quot;:{&quot;isStringMetric&quot;:false,&quot;value&quot;:0},&quot;businessHours&quot;:false,&quot;filterType&quot;:&quot;metrics&quot;}]]" resourceKind="VirtualMachine" type="self"/>
                        
            <Usage>dashboard</Usage>
                        
            <Usage>report</Usage>
                        
            <Usage>details</Usage>
                        
            <Usage>content</Usage>
                        
            <Controls>
                                
                <Control id="time-interval-selector_id_32" type="time-interval-selector" visible="false">
                                        
                    <Property name="advancedTimeMode" value="false"/>
                                        
                    <Property name="unit" value="HOURS"/>
                                        
                    <Property name="count" value="1"/>
                                    
                </Control>
                                
                <Control id="attributes-selector_id_33" type="attributes-selector" visible="false">
                                        
                    <Property name="attributeInfos">
                                                
                        <List>
                                                        
                            <Item>
                                
                                <Value>
                                        
                                    <Property name="objectType" value="RESOURCE"/>
                                        
                                    <Property name="attributeKey" value="mem|guest_provisioned"/>
                                        
                                    <Property name="preferredUnitId" value="mb"/>
                                        
                                    <Property name="isStringAttribute" value="false"/>
                                        
                                    <Property name="adapterKind" value="VMWARE"/>
                                        
                                    <Property name="resourceKind" value="VirtualMachine"/>
                                        
                                    <Property name="rollUpType" value="NONE"/>
                                        
                                    <Property name="rollUpCount" value="0"/>
                                        
                                    <Property name="transformations">
                                                
                                        <List>
                                                        
                                            <Item value="CURRENT"/>
                                                    
                                        </List>
                                            
                                    </Property>
                                        
                                    <Property name="isProperty" value="false"/>
                                        
                                    <Property name="displayName" value="Total (MB)"/>
                                        
                                    <Property name="addTimestampAsColumn" value="false"/>
                                        
                                    <Property name="isShowRelativeTimestamp" value="false"/>
                                    
                                </Value>
                                                            
                            </Item>
                                                        
                            <Item>
                                
                                <Value>
                                        
                                    <Property name="objectType" value="RESOURCE"/>
                                        
                                    <Property name="attributeKey" value="mem|usage_average"/>
                                        
                                    <Property name="preferredUnitId" value="percent"/>
                                        
                                    <Property name="isStringAttribute" value="false"/>
                                        
                                    <Property name="adapterKind" value="VMWARE"/>
                                        
                                    <Property name="resourceKind" value="VirtualMachine"/>
                                        
                                    <Property name="rollUpType" value="NONE"/>
                                        
                                    <Property name="rollUpCount" value="0"/>
                                        
                                    <Property name="transformations">
                                                
                                        <List>
                                                        
                                            <Item value="CURRENT"/>
                                                    
                                        </List>
                                            
                                    </Property>
                                        
                                    <Property name="isProperty" value="false"/>
                                        
                                    <Property name="displayName" value="Usage (%)"/>
                                        
                                    <Property name="addTimestampAsColumn" value="false"/>
                                        
                                    <Property name="isShowRelativeTimestamp" value="false"/>
                                    
                                </Value>
                                                            
                            </Item>
                                                        
                            <Item>
                                
                                <Value>
                                        
                                    <Property name="objectType" value="RESOURCE"/>
                                        
                                    <Property name="attributeKey" value="fastapi|VM Tier0 RAM Mb"/>
                                        
                                    <Property name="isStringAttribute" value="false"/>
                                        
                                    <Property name="adapterKind" value="VMWARE"/>
                                        
                                    <Property name="resourceKind" value="VirtualMachine"/>
                                        
                                    <Property name="rollUpType" value="NONE"/>
                                        
                                    <Property name="rollUpCount" value="0"/>
                                        
                                    <Property name="transformations">
                                                
                                        <List>
                                                        
                                            <Item value="CURRENT"/>
                                                    
                                        </List>
                                            
                                    </Property>
                                        
                                    <Property name="isProperty" value="false"/>
                                        
                                    <Property name="displayName" value="DRAM (MB)"/>
                                        
                                    <Property name="addTimestampAsColumn" value="false"/>
                                        
                                    <Property name="isShowRelativeTimestamp" value="false"/>
                                    
                                </Value>
                                                            
                            </Item>
                                                        
                            <Item>
                                
                                <Value>
                                        
                                    <Property name="objectType" value="RESOURCE"/>
                                        
                                    <Property name="attributeKey" value="fastapi|VM Tier1 Nv Me Mb"/>
                                        
                                    <Property name="isStringAttribute" value="false"/>
                                        
                                    <Property name="adapterKind" value="VMWARE"/>
                                        
                                    <Property name="resourceKind" value="VirtualMachine"/>
                                        
                                    <Property name="rollUpType" value="NONE"/>
                                        
                                    <Property name="rollUpCount" value="0"/>
                                        
                                    <Property name="transformations">
                                                
                                        <List>
                                                        
                                            <Item value="CURRENT"/>
                                                    
                                        </List>
                                            
                                    </Property>
                                        
                                    <Property name="isProperty" value="false"/>
                                        
                                    <Property name="displayName" value="NVMe {MB)"/>
                                        
                                    <Property name="addTimestampAsColumn" value="false"/>
                                        
                                    <Property name="isShowRelativeTimestamp" value="false"/>
                                    
                                </Value>
                                                            
                            </Item>
                                                    
                        </List>
                                            
                    </Property>
                                    
                </Control>
                                
                <Control id="pagination-control_id_34" type="pagination-control" visible="true">
                                        
                    <Property name="start" value="0"/>
                                        
                    <Property name="size" value="50"/>
                                    
                </Control>
                                
                <Control id="metadata_id_35" type="metadata" visible="false">
                                        
                    <Property name="maxPointsCount" value="5000"/>
                                        
                    <Property name="hideObjectNameColumn" value="false"/>
                                        
                    <Property name="listTopResultSize" value="-1"/>
                                    
                </Control>
                            
            </Controls>
                        
            <DataProviders>
                                
                <DataProvider dataType="list-view" id="list-view_id_31"/>
                            
            </DataProviders>
                        
            <Presentation type="list"/>
                    
        </ViewDef>
                
        <ViewDef id="0b94836a-ca65-4360-af24-28e31a1ac9a8">
                        
            <Title>DBH | Tiered Memory | Host</Title>
                        
            <Description/>
                        
            <SubjectType adapterKind="VMWARE" filter="[[{&quot;condition&quot;:&quot;EXISTS&quot;,&quot;transform&quot;:&quot;CURRENT&quot;,&quot;metricKey&quot;:&quot;fastapi|Nv Me Memory&quot;,&quot;metricValue&quot;:{&quot;isStringMetric&quot;:true,&quot;value&quot;:null},&quot;filterType&quot;:&quot;properties&quot;}]]" resourceKind="HostSystem" type="descendant"/>
                        
            <SubjectType adapterKind="VMWARE" filter="[[{&quot;condition&quot;:&quot;EXISTS&quot;,&quot;transform&quot;:&quot;CURRENT&quot;,&quot;metricKey&quot;:&quot;fastapi|Nv Me Memory&quot;,&quot;metricValue&quot;:{&quot;isStringMetric&quot;:true,&quot;value&quot;:null},&quot;filterType&quot;:&quot;properties&quot;}]]" resourceKind="HostSystem" type="self"/>
                        
            <Usage>dashboard</Usage>
                        
            <Usage>report</Usage>
                        
            <Usage>details</Usage>
                        
            <Usage>content</Usage>
                        
            <Controls>
                                
                <Control id="time-interval-selector_id_122" type="time-interval-selector" visible="false">
                                        
                    <Property name="advancedTimeMode" value="false"/>
                                        
                    <Property name="unit" value="HOURS"/>
                                        
                    <Property name="count" value="1"/>
                                    
                </Control>
                                
                <Control id="attributes-selector_id_123" type="attributes-selector" visible="false">
                                        
                    <Property name="attributeInfos">
                                                
                        <List>
                                                        
                            <Item>
                                
                                <Value>
                                        
                                    <Property name="objectType" value="RESOURCE"/>
                                        
                                    <Property name="attributeKey" value="fastapi|Tiering Enabled"/>
                                        
                                    <Property name="isStringAttribute" value="true"/>
                                        
                                    <Property name="adapterKind" value="VMWARE"/>
                                        
                                    <Property name="resourceKind" value="HostSystem"/>
                                        
                                    <Property name="rollUpCount" value="0"/>
                                        
                                    <Property name="transformations">
                                                
                                        <List>
                                                        
                                            <Item value="CURRENT"/>
                                                    
                                        </List>
                                            
                                    </Property>
                                        
                                    <Property name="isProperty" value="true"/>
                                        
                                    <Property name="redBound" value="False"/>
                                        
                                    <Property name="ascendingRange" value="true"/>
                                        
                                    <Property name="displayName" value="Tiering Enabled"/>
                                        
                                    <Property name="addTimestampAsColumn" value="false"/>
                                        
                                    <Property name="isShowRelativeTimestamp" value="false"/>
                                    
                                </Value>
                                                            
                            </Item>
                                                        
                            <Item>
                                
                                <Value>
                                        
                                    <Property name="objectType" value="RESOURCE"/>
                                        
                                    <Property name="attributeKey" value="fastapi|Dram Memory"/>
                                        
                                    <Property name="isStringAttribute" value="true"/>
                                        
                                    <Property name="adapterKind" value="VMWARE"/>
                                        
                                    <Property name="resourceKind" value="HostSystem"/>
                                        
                                    <Property name="rollUpCount" value="0"/>
                                        
                                    <Property name="transformations">
                                                
                                        <List>
                                                        
                                            <Item value="CURRENT"/>
                                                    
                                        </List>
                                            
                                    </Property>
                                        
                                    <Property name="isProperty" value="true"/>
                                        
                                    <Property name="displayName" value="DRAM"/>
                                        
                                    <Property name="addTimestampAsColumn" value="false"/>
                                        
                                    <Property name="isShowRelativeTimestamp" value="false"/>
                                    
                                </Value>
                                                            
                            </Item>
                                                        
                            <Item>
                                
                                <Value>
                                        
                                    <Property name="objectType" value="RESOURCE"/>
                                        
                                    <Property name="attributeKey" value="fastapi|Tiering Ratio"/>
                                        
                                    <Property name="isStringAttribute" value="true"/>
                                        
                                    <Property name="adapterKind" value="VMWARE"/>
                                        
                                    <Property name="resourceKind" value="HostSystem"/>
                                        
                                    <Property name="rollUpCount" value="0"/>
                                        
                                    <Property name="transformations">
                                                
                                        <List>
                                                        
                                            <Item value="CURRENT"/>
                                                    
                                        </List>
                                            
                                    </Property>
                                        
                                    <Property name="isProperty" value="true"/>
                                        
                                    <Property name="displayName" value="Tiering Ratio"/>
                                        
                                    <Property name="addTimestampAsColumn" value="false"/>
                                        
                                    <Property name="isShowRelativeTimestamp" value="false"/>
                                    
                                </Value>
                                                            
                            </Item>
                                                        
                            <Item>
                                
                                <Value>
                                        
                                    <Property name="objectType" value="RESOURCE"/>
                                        
                                    <Property name="attributeKey" value="fastapi|Nv Me Memory"/>
                                        
                                    <Property name="isStringAttribute" value="true"/>
                                        
                                    <Property name="adapterKind" value="VMWARE"/>
                                        
                                    <Property name="resourceKind" value="HostSystem"/>
                                        
                                    <Property name="rollUpCount" value="0"/>
                                        
                                    <Property name="transformations">
                                                
                                        <List>
                                                        
                                            <Item value="CURRENT"/>
                                                    
                                        </List>
                                            
                                    </Property>
                                        
                                    <Property name="isProperty" value="true"/>
                                        
                                    <Property name="displayName" value="NVMe"/>
                                        
                                    <Property name="addTimestampAsColumn" value="false"/>
                                        
                                    <Property name="isShowRelativeTimestamp" value="false"/>
                                    
                                </Value>
                                                            
                            </Item>
                                                        
                            <Item>
                                
                                <Value>
                                        
                                    <Property name="objectType" value="RESOURCE"/>
                                        
                                    <Property name="attributeKey" value="fastapi|Nv Me Device"/>
                                        
                                    <Property name="isStringAttribute" value="true"/>
                                        
                                    <Property name="adapterKind" value="VMWARE"/>
                                        
                                    <Property name="resourceKind" value="HostSystem"/>
                                        
                                    <Property name="rollUpCount" value="0"/>
                                        
                                    <Property name="transformations">
                                                
                                        <List>
                                                        
                                            <Item value="CURRENT"/>
                                                    
                                        </List>
                                            
                                    </Property>
                                        
                                    <Property name="isProperty" value="true"/>
                                        
                                    <Property name="displayName" value="NVMe Device"/>
                                        
                                    <Property name="addTimestampAsColumn" value="false"/>
                                        
                                    <Property name="isShowRelativeTimestamp" value="false"/>
                                    
                                </Value>
                                                            
                            </Item>
                                                    
                        </List>
                                            
                    </Property>
                                    
                </Control>
                                
                <Control id="pagination-control_id_124" type="pagination-control" visible="true">
                                        
                    <Property name="start" value="0"/>
                                        
                    <Property name="size" value="50"/>
                                    
                </Control>
                                
                <Control id="metadata_id_125" type="metadata" visible="false">
                                        
                    <Property name="maxPointsCount" value="5000"/>
                                        
                    <Property name="hideObjectNameColumn" value="false"/>
                                        
                    <Property name="listTopResultSize" value="-1"/>
                                    
                </Control>
                            
            </Controls>
                        
            <DataProviders>
                                
                <DataProvider dataType="list-view" id="list-view_id_121"/>
                            
            </DataProviders>
                        
            <Presentation type="list"/>
                    
        </ViewDef>
                
        <ViewDef id="f1ef68c8-7cbe-4c4a-87f6-0ac9de687ccc">
                        
            <Title>DBH | Tiered Memory | NVMe</Title>
                        
            <Description/>
                        
            <SubjectType adapterKind="VMWARE" filter="[[{&quot;filterType&quot;:&quot;metrics&quot;,&quot;metricKey&quot;:&quot;fastapi|VM Tier1 Nv Me Mb&quot;,&quot;condition&quot;:&quot;GREATER_THAN&quot;,&quot;metricValue&quot;:{&quot;value&quot;:0,&quot;isStringMetric&quot;:false},&quot;transform&quot;:&quot;CURRENT&quot;}]]" resourceKind="VirtualMachine" type="descendant"/>
                        
            <Usage>dashboard</Usage>
                        
            <Usage>report</Usage>
                        
            <Usage>details</Usage>
                        
            <Usage>content</Usage>
                        
            <Controls>
                                
                <Control id="time-interval-selector_id_182" type="time-interval-selector" visible="false">
                                        
                    <Property name="advancedTimeMode" value="false"/>
                                        
                    <Property name="unit" value="HOURS"/>
                                        
                    <Property name="count" value="1"/>
                                    
                </Control>
                                
                <Control id="attributes-selector_id_183" type="attributes-selector" visible="false">
                                        
                    <Property name="attributeInfos">
                                                
                        <List>
                                                        
                            <Item>
                                
                                <Value>
                                        
                                    <Property name="objectType" value="RESOURCE"/>
                                        
                                    <Property name="attributeKey" value="fastapi|VM Tier1 Nv Me Mb"/>
                                        
                                    <Property name="isStringAttribute" value="false"/>
                                        
                                    <Property name="adapterKind" value="VMWARE"/>
                                        
                                    <Property name="resourceKind" value="VirtualMachine"/>
                                        
                                    <Property name="rollUpType" value="NONE"/>
                                        
                                    <Property name="rollUpCount" value="0"/>
                                        
                                    <Property name="transformations">
                                                
                                        <List>
                                                        
                                            <Item value="CURRENT"/>
                                                    
                                        </List>
                                            
                                    </Property>
                                        
                                    <Property name="sortCriteria" value="false"/>
                                        
                                    <Property name="isProperty" value="false"/>
                                        
                                    <Property name="displayName" value="NVMe (MB)"/>
                                        
                                    <Property name="isShowRelativeTimestamp" value="false"/>
                                    
                                </Value>
                                                            
                            </Item>
                                                    
                        </List>
                                            
                    </Property>
                                    
                </Control>
                                
                <Control id="buckets-control_id_184" type="buckets-control" visible="false">
                                        
                    <Property name="bucketCount" value="12"/>
                                        
                    <Property name="dynamicCalcFunction" value="SIMPLEMAXMIN"/>
                                        
                    <Property name="isDynamic" value="true"/>
                                        
                    <Property name="isSum" value="true"/>
                                    
                </Control>
                                
                <Control id="metadata_id_185" type="metadata" visible="false">
                                        
                    <Property name="maxPointsCount" value="5000"/>
                                        
                    <Property name="distributionColor" value="EACC58"/>
                                        
                    <Property name="hideObjectNameColumn" value="false"/>
                                        
                    <Property name="listTopResultSize" value="-1"/>
                                    
                </Control>
                            
            </Controls>
                        
            <DataProviders>
                                
                <DataProvider dataType="distribution-view" id="distribution-view_id_181"/>
                            
            </DataProviders>
                        
            <Presentation type="bar-chart"/>
                    
        </ViewDef>
                
        <ViewDef id="74313763-61fd-4f5f-a1c8-decee6dc2cea">
                        
            <Title>DBH | Tiered Memory | Total</Title>
                        
            <Description/>
                        
            <SubjectType adapterKind="VMWARE" filter="[[{&quot;filterType&quot;:&quot;metrics&quot;,&quot;metricKey&quot;:&quot;fastapi|VM Tier1 Nv Me Mb&quot;,&quot;condition&quot;:&quot;GREATER_THAN&quot;,&quot;metricValue&quot;:{&quot;value&quot;:0,&quot;isStringMetric&quot;:false},&quot;transform&quot;:&quot;CURRENT&quot;}]]" resourceKind="VirtualMachine" type="descendant"/>
                        
            <Usage>dashboard</Usage>
                        
            <Usage>report</Usage>
                        
            <Usage>details</Usage>
                        
            <Usage>content</Usage>
                        
            <Controls>
                                
                <Control id="time-interval-selector_id_202" type="time-interval-selector" visible="false">
                                        
                    <Property name="advancedTimeMode" value="false"/>
                                        
                    <Property name="unit" value="HOURS"/>
                                        
                    <Property name="count" value="1"/>
                                    
                </Control>
                                
                <Control id="attributes-selector_id_203" type="attributes-selector" visible="false">
                                        
                    <Property name="attributeInfos">
                                                
                        <List>
                                                        
                            <Item>
                                
                                <Value>
                                        
                                    <Property name="objectType" value="RESOURCE"/>
                                        
                                    <Property name="attributeKey" value="mem|guest_provisioned"/>
                                        
                                    <Property name="preferredUnitId" value="mb"/>
                                        
                                    <Property name="isStringAttribute" value="false"/>
                                        
                                    <Property name="adapterKind" value="VMWARE"/>
                                        
                                    <Property name="resourceKind" value="VirtualMachine"/>
                                        
                                    <Property name="rollUpType" value="NONE"/>
                                        
                                    <Property name="rollUpCount" value="0"/>
                                        
                                    <Property name="transformations">
                                                
                                        <List>
                                                        
                                            <Item value="CURRENT"/>
                                                    
                                        </List>
                                            
                                    </Property>
                                        
                                    <Property name="sortCriteria" value="false"/>
                                        
                                    <Property name="isProperty" value="false"/>
                                        
                                    <Property name="displayName" value="Total (MB)"/>
                                        
                                    <Property name="isShowRelativeTimestamp" value="false"/>
                                    
                                </Value>
                                                            
                            </Item>
                                                    
                        </List>
                                            
                    </Property>
                                    
                </Control>
                                
                <Control id="buckets-control_id_204" type="buckets-control" visible="false">
                                        
                    <Property name="bucketCount" value="12"/>
                                        
                    <Property name="dynamicCalcFunction" value="SIMPLEMAXMIN"/>
                                        
                    <Property name="isDynamic" value="true"/>
                                        
                    <Property name="isSum" value="true"/>
                                    
                </Control>
                                
                <Control id="metadata_id_205" type="metadata" visible="false">
                                        
                    <Property name="maxPointsCount" value="5000"/>
                                        
                    <Property name="distributionColor" value="8ABF5B"/>
                                        
                    <Property name="hideObjectNameColumn" value="false"/>
                                        
                    <Property name="listTopResultSize" value="-1"/>
                                    
                </Control>
                            
            </Controls>
                        
            <DataProviders>
                                
                <DataProvider dataType="distribution-view" id="distribution-view_id_201"/>
                            
            </DataProviders>
                        
            <Presentation type="bar-chart"/>
                    
        </ViewDef>
                
        <ViewDef id="9b6624c4-34e2-45f5-8390-b495fd0187d1">
                        
            <Title>DBH | Tiered Memory | DRAM</Title>
                        
            <Description/>
                        
            <SubjectType adapterKind="VMWARE" filter="[[{&quot;filterType&quot;:&quot;metrics&quot;,&quot;metricKey&quot;:&quot;fastapi|VM Tier1 Nv Me Mb&quot;,&quot;condition&quot;:&quot;GREATER_THAN&quot;,&quot;metricValue&quot;:{&quot;value&quot;:0,&quot;isStringMetric&quot;:false},&quot;transform&quot;:&quot;CURRENT&quot;}]]" resourceKind="VirtualMachine" type="descendant"/>
                        
            <Usage>dashboard</Usage>
                        
            <Usage>report</Usage>
                        
            <Usage>details</Usage>
                        
            <Usage>content</Usage>
                        
            <Controls>
                                
                <Control id="time-interval-selector_id_162" type="time-interval-selector" visible="false">
                                        
                    <Property name="advancedTimeMode" value="false"/>
                                        
                    <Property name="unit" value="HOURS"/>
                                        
                    <Property name="count" value="1"/>
                                    
                </Control>
                                
                <Control id="attributes-selector_id_163" type="attributes-selector" visible="false">
                                        
                    <Property name="attributeInfos">
                                                
                        <List>
                                                        
                            <Item>
                                
                                <Value>
                                        
                                    <Property name="objectType" value="RESOURCE"/>
                                        
                                    <Property name="attributeKey" value="fastapi|VM Tier0 RAM Mb"/>
                                        
                                    <Property name="isStringAttribute" value="false"/>
                                        
                                    <Property name="adapterKind" value="VMWARE"/>
                                        
                                    <Property name="resourceKind" value="VirtualMachine"/>
                                        
                                    <Property name="rollUpType" value="NONE"/>
                                        
                                    <Property name="rollUpCount" value="0"/>
                                        
                                    <Property name="transformations">
                                                
                                        <List>
                                                        
                                            <Item value="CURRENT"/>
                                                    
                                        </List>
                                            
                                    </Property>
                                        
                                    <Property name="sortCriteria" value="false"/>
                                        
                                    <Property name="isProperty" value="false"/>
                                        
                                    <Property name="displayName" value="DRAM (MB)"/>
                                        
                                    <Property name="isShowRelativeTimestamp" value="false"/>
                                    
                                </Value>
                                                            
                            </Item>
                                                    
                        </List>
                                            
                    </Property>
                                    
                </Control>
                                
                <Control id="buckets-control_id_164" type="buckets-control" visible="false">
                                        
                    <Property name="bucketCount" value="12"/>
                                        
                    <Property name="dynamicCalcFunction" value="SIMPLEMAXMIN"/>
                                        
                    <Property name="isDynamic" value="true"/>
                                        
                    <Property name="isSum" value="true"/>
                                    
                </Control>
                                
                <Control id="metadata_id_165" type="metadata" visible="false">
                                        
                    <Property name="maxPointsCount" value="5000"/>
                                        
                    <Property name="distributionColor" value="EB953F"/>
                                        
                    <Property name="hideObjectNameColumn" value="false"/>
                                        
                    <Property name="listTopResultSize" value="-1"/>
                                    
                </Control>
                            
            </Controls>
                        
            <DataProviders>
                                
                <DataProvider dataType="distribution-view" id="distribution-view_id_161"/>
                            
            </DataProviders>
                        
            <Presentation type="bar-chart"/>
                    
        </ViewDef>
            
    </Views>
    
</Content>
