{
   "entries": {
      "resourceKind": [
         {
            "resourceKindKey": "HostSystem",
            "internalId": "resourceKind:id:2_::_",
            "adapterKindKey": "VMWARE"
         },
         {
            "resourceKindKey": "VirtualMachine",
            "internalId": "resourceKind:id:0_::_",
            "adapterKindKey": "VMWARE"
         },
         {
            "resourceKindKey": "ClusterComputeResource",
            "internalId": "resourceKind:id:1_::_",
            "adapterKindKey": "VMWARE"
         }
      ],
      "resource": [{
         "resourceKindKey": "vSphere World",
         "internalId": "resource:id:0_::_",
         "adapterKindKey": "VMWARE",
         "identifiers": [],
         "name": "vSphere World"
      }]
   },
   "dashboards": [{
      "shared": false,
      "temporary": false,
      "hidden": false,
      "creationTime": 1698176120533,
      "autoswitchEnabled": false,
      "importAttempts": 0,
      "lastUpdateUserId": "7a1c5532-891a-4297-9089-b7b4628c185a",
      "columnProportion": "1-1",
      "importComplete": true,
      "description": "",
      "columnCount": 1,
      "widgets": [
         {
            "collapsed": false,
            "id": "355ae212-0557-40b2-a2c9-b831b6357b41",
            "gridsterCoords": {
               "w": 10,
               "x": 1,
               "h": 20,
               "y": 44
            },
            "type": "MetricChart",
            "title": "VM | Performance (for selected VM)",
            "config": {
               "depth": 3,
               "refreshInterval": 300,
               "metric": {
                  "mode": "resourceKind",
                  "resourceMetrics": [],
                  "resourceKindMetrics": [
                     {
                        "yellowBound": null,
                        "metricUnitId": "percent",
                        "metricName": "Badge|Health",
                        "metricKey": "badge|health",
                        "handleOldColoring": false,
                        "resourceKindName": "Virtual Machine",
                        "isStringMetric": false,
                        "resourceKindId": "resourceKind:id:0_::_",
                        "orangeBound": null,
                        "unit": "%",
                        "redBound": null,
                        "id": "extModel23722-1",
                        "colorMethod": 2
                     },
                     {
                        "yellowBound": null,
                        "metricUnitId": "percent",
                        "metricName": "Badge|Workload",
                        "metricKey": "badge|workload",
                        "handleOldColoring": false,
                        "resourceKindName": "Virtual Machine",
                        "isStringMetric": false,
                        "resourceKindId": "resourceKind:id:0_::_",
                        "orangeBound": null,
                        "unit": "%",
                        "redBound": null,
                        "id": "extModel23722-2",
                        "colorMethod": 2
                     },
                     {
                        "yellowBound": null,
                        "metricUnitId": "msec",
                        "metricName": "CPU|Ready",
                        "metricKey": "cpu|ready_summation",
                        "handleOldColoring": false,
                        "resourceKindName": "Virtual Machine",
                        "isStringMetric": false,
                        "resourceKindId": "resourceKind:id:0_::_",
                        "orangeBound": null,
                        "unit": "ms",
                        "redBound": null,
                        "id": "extModel23722-3",
                        "colorMethod": 2
                     },
                     {
                        "yellowBound": null,
                        "metricUnitId": "percent",
                        "metricName": "CPU|Usage",
                        "metricKey": "cpu|usage_average",
                        "handleOldColoring": false,
                        "resourceKindName": "Virtual Machine",
                        "isStringMetric": false,
                        "resourceKindId": "resourceKind:id:0_::_",
                        "orangeBound": null,
                        "unit": "%",
                        "redBound": null,
                        "id": "extModel23722-4",
                        "colorMethod": 2
                     }
                  ],
                  "subMode": "resourceKindAll"
               },
               "resource": [],
               "refreshContent": {"refreshContent": false},
               "relationshipMode": {"relationshipMode": 0},
               "customFilter": {
                  "filter": [],
                  "excludedResources": null,
                  "includedResources": null
               },
               "selfProvider": {"selfProvider": false},
               "title": "VM | Performance (for selected VM)",
               "resInteractionMode": null
            },
            "height": 1122,
            "states": [
               {
                  "value": "b%3A0",
                  "key": "permBtn_pan_permMetricChart_widget_270b7dc5-656d-4f93-a3a2-2ee39aaaad49_355ae212-0557-40b2-a2c9-b831b6357b41"
               },
               {
                  "value": "b%3A0",
                  "key": "permBtn_zoomAllGraphs_permMetricChart_widget_270b7dc5-656d-4f93-a3a2-2ee39aaaad49_355ae212-0557-40b2-a2c9-b831b6357b41"
               },
               {
                  "value": "s%3A%7B%22dateRange%22%3A%22dashboardTime%22%2C%22dateFrom%22%3Anull%2C%22dateTo%22%3Anull%2C%22timeFrom%22%3Anull%2C%22timeTo%22%3Anull%7D",
                  "key": "permDateRange1_permMetricChart_widget_270b7dc5-656d-4f93-a3a2-2ee39aaaad49_355ae212-0557-40b2-a2c9-b831b6357b41"
               },
               {
                  "value": "o%3A",
                  "key": "permMetricChart_widget_270b7dc5-656d-4f93-a3a2-2ee39aaaad49_355ae212-0557-40b2-a2c9-b831b6357b41"
               }
            ]
         },
         {
            "collapsed": false,
            "id": "8effaf1f-46a2-4355-894a-0e8089661614",
            "gridsterCoords": {
               "w": 12,
               "x": 1,
               "h": 13,
               "y": 31
            },
            "type": "View",
            "title": "VM List (for selected cluster)",
            "config": {
               "refreshInterval": 300,
               "resource": null,
               "traversalSpecId": "",
               "refreshContent": {"refreshContent": false},
               "isUpdatedView": true,
               "chartViewItems": [],
               "selectFirstRow": {"selectFirstRow": false},
               "selfProvider": {"selfProvider": false},
               "title": "VM List (for selected cluster)",
               "viewDefinitionId": "31d3004a-309e-444f-a180-b976f3f21f2c"
            },
            "height": 723,
            "states": [{
               "value": "b%3A0",
               "key": "perm_isDashboardTime_widget_270b7dc5-656d-4f93-a3a2-2ee39aaaad49_8effaf1f-46a2-4355-894a-0e8089661614"
            }]
         },
         {
            "collapsed": false,
            "id": "bce0db4a-00d5-4869-b685-7401cd5c5eea",
            "gridsterCoords": {
               "w": 4,
               "x": 1,
               "h": 6,
               "y": 70
            },
            "type": "IntSummaryTimeRemaining",
            "title": "Time Remaining",
            "config": {
               "refreshInterval": 300,
               "resource": null,
               "refreshContent": {"refreshContent": false},
               "selfProvider": {"selfProvider": false},
               "title": "Time Remaining"
            },
            "height": 324
         },
         {
            "collapsed": false,
            "id": "61abe42a-d2a6-494e-af76-22ad04982f5a",
            "gridsterCoords": {
               "w": 4,
               "x": 5,
               "h": 6,
               "y": 64
            },
            "type": "IntSummaryCapacity",
            "title": "Capacity Remaining",
            "config": {
               "refreshInterval": 300,
               "resource": null,
               "refreshContent": {"refreshContent": false},
               "selfProvider": {"selfProvider": false},
               "title": "Capacity Remaining"
            },
            "height": 324
         },
         {
            "collapsed": false,
            "id": "cd95ac10-20be-4d4c-ac25-efe3b0d62ccd",
            "gridsterCoords": {
               "w": 4,
               "x": 5,
               "h": 6,
               "y": 70
            },
            "type": "IntSummaryWorkload",
            "title": "Workload",
            "config": {
               "refreshInterval": 300,
               "resource": null,
               "refreshContent": {"refreshContent": false},
               "selfProvider": {"selfProvider": false},
               "title": "Workload"
            },
            "height": 324
         },
         {
            "collapsed": false,
            "id": "984fa524-fb36-49c9-8743-965fb0524c1e",
            "gridsterCoords": {
               "w": 4,
               "x": 1,
               "h": 6,
               "y": 64
            },
            "type": "HealthChart",
            "title": "Health Chart",
            "config": {
               "metricName": "",
               "refreshInterval": 300,
               "resource": [],
               "refreshContent": {"refreshContent": false},
               "relationshipMode": {"relationshipMode": 0},
               "sortByDir": {"orderByDir": "asc"},
               "title": "Health Chart",
               "showResourceName": {"showResourceName": true},
               "chartHeight": 135,
               "metricUnit": {
                  "metricUnitId": null,
                  "metricUnitName": ""
               },
               "mode": "all",
               "metricType": {"metricType": "health"},
               "filterMode": "tagPicker",
               "tagFilter": null,
               "paginationNumber": 15,
               "showMetricLabel": {"showMetricLabel": false},
               "depth": 1,
               "metricLabel": "",
               "customFilter": {
                  "filter": [],
                  "excludedResources": null,
                  "includedResources": null
               },
               "selectFirstRow": {"selectFirstRow": true},
               "sortBy": "metricValue",
               "selfProvider": {"selfProvider": false}
            },
            "height": 324,
            "states": [{
               "value": "s%3A%7B%22dateRange%22%3A%22dashboardTime%22%2C%22dateFrom%22%3Anull%2C%22dateTo%22%3Anull%2C%22timeFrom%22%3Anull%2C%22timeTo%22%3Anull%7D",
               "key": "permDateRange_HealthChart_widget_270b7dc5-656d-4f93-a3a2-2ee39aaaad49_984fa524-fb36-49c9-8743-965fb0524c1e"
            }]
         },
         {
            "collapsed": false,
            "id": "af2abd98-f0c2-4d64-a340-6f06122a3b3d",
            "gridsterCoords": {
               "w": 12,
               "x": 1,
               "h": 6,
               "y": 1
            },
            "type": "View",
            "title": "Clusters",
            "config": {
               "refreshInterval": 300,
               "resource": {
                  "resourceId": "resource:id:0_::_",
                  "traversalSpecId": "",
                  "resourceName": "vSphere World",
                  "resourceKindId": "002006VMWAREvSphere World",
                  "id": "Ext.vcops.chrome.model.Resource-29"
               },
               "traversalSpecId": null,
               "refreshContent": {"refreshContent": false},
               "isUpdatedView": true,
               "chartViewItems": [],
               "selectFirstRow": {"selectFirstRow": true},
               "selfProvider": {"selfProvider": true},
               "title": "Clusters",
               "viewDefinitionId": "a342070d-f1b5-4603-85ec-a87f5680113c"
            },
            "height": 324,
            "states": [{
               "value": "b%3A0",
               "key": "perm_isDashboardTime_widget_270b7dc5-656d-4f93-a3a2-2ee39aaaad49_af2abd98-f0c2-4d64-a340-6f06122a3b3d"
            }]
         },
         {
            "collapsed": false,
            "id": "f28a5c54-04ef-4022-a7f6-cd33e33c8331",
            "gridsterCoords": {
               "w": 6,
               "x": 1,
               "h": 6,
               "y": 13
            },
            "type": "MetricChart",
            "title": "Memory Used (for selected cluster)",
            "config": {
               "depth": 1,
               "refreshInterval": 300,
               "metric": {
                  "mode": "resourceKind",
                  "resourceMetrics": [],
                  "resourceKindMetrics": [{
                     "yellowBound": null,
                     "metricUnitId": "gb",
                     "metricName": "Memory|Consumed",
                     "metricKey": "mem|consumed_average",
                     "handleOldColoring": false,
                     "resourceKindName": "Cluster Compute Resource",
                     "isStringMetric": false,
                     "resourceKindId": "resourceKind:id:1_::_",
                     "orangeBound": null,
                     "unit": "GB",
                     "redBound": null,
                     "id": "extModel53838-1",
                     "colorMethod": 2
                  }],
                  "subMode": "resourceKindAll"
               },
               "resource": [],
               "refreshContent": {"refreshContent": true},
               "relationshipMode": {"relationshipMode": 0},
               "customFilter": {
                  "filter": [],
                  "excludedResources": null,
                  "includedResources": null
               },
               "selfProvider": {"selfProvider": false},
               "title": "Memory Used (for selected cluster)",
               "resInteractionMode": null
            },
            "height": 324,
            "states": [
               {
                  "value": "b%3A0",
                  "key": "permBtn_pan_permMetricChart_widget_270b7dc5-656d-4f93-a3a2-2ee39aaaad49_f28a5c54-04ef-4022-a7f6-cd33e33c8331"
               },
               {
                  "value": "b%3A0",
                  "key": "permBtn_zoomAllGraphs_permMetricChart_widget_270b7dc5-656d-4f93-a3a2-2ee39aaaad49_f28a5c54-04ef-4022-a7f6-cd33e33c8331"
               },
               {
                  "value": "o%3A",
                  "key": "permMetricChart_widget_270b7dc5-656d-4f93-a3a2-2ee39aaaad49_f28a5c54-04ef-4022-a7f6-cd33e33c8331"
               },
               {
                  "value": "s%3A%7B%22dateRange%22%3A%22dashboardTime%22%2C%22dateFrom%22%3Anull%2C%22dateTo%22%3Anull%2C%22timeFrom%22%3Anull%2C%22timeTo%22%3Anull%7D",
                  "key": "permDateRange1_permMetricChart_widget_270b7dc5-656d-4f93-a3a2-2ee39aaaad49_f28a5c54-04ef-4022-a7f6-cd33e33c8331"
               }
            ]
         },
         {
            "collapsed": false,
            "id": "486bbfd5-38d1-4369-8643-a4f2e104ca96",
            "gridsterCoords": {
               "w": 6,
               "x": 7,
               "h": 6,
               "y": 13
            },
            "type": "MetricChart",
            "title": "CPU Utilization (for selected cluster)",
            "config": {
               "depth": 1,
               "refreshInterval": 300,
               "metric": {
                  "mode": "resourceKind",
                  "resourceMetrics": [],
                  "resourceKindMetrics": [{
                     "yellowBound": null,
                     "metricUnitId": "percent",
                     "metricName": "CPU|Capacity Usage",
                     "metricKey": "cpu|capacity_usagepct_average",
                     "handleOldColoring": false,
                     "resourceKindName": "Cluster Compute Resource",
                     "isStringMetric": false,
                     "resourceKindId": "resourceKind:id:1_::_",
                     "orangeBound": null,
                     "unit": "%",
                     "redBound": null,
                     "id": "extModel55811-1",
                     "colorMethod": 2
                  }],
                  "subMode": "resourceKindAll"
               },
               "resource": [],
               "refreshContent": {"refreshContent": false},
               "relationshipMode": {"relationshipMode": 0},
               "customFilter": {
                  "filter": [],
                  "excludedResources": null,
                  "includedResources": null
               },
               "selfProvider": {"selfProvider": false},
               "title": "CPU Utilization (for selected cluster)",
               "resInteractionMode": null
            },
            "height": 324,
            "states": [
               {
                  "value": "s%3A%7B%22dateRange%22%3A%22dashboardTime%22%2C%22dateFrom%22%3Anull%2C%22dateTo%22%3Anull%2C%22timeFrom%22%3Anull%2C%22timeTo%22%3Anull%7D",
                  "key": "permDateRange1_permMetricChart_widget_270b7dc5-656d-4f93-a3a2-2ee39aaaad49_486bbfd5-38d1-4369-8643-a4f2e104ca96"
               },
               {
                  "value": "o%3A",
                  "key": "permMetricChart_widget_270b7dc5-656d-4f93-a3a2-2ee39aaaad49_486bbfd5-38d1-4369-8643-a4f2e104ca96"
               },
               {
                  "value": "b%3A0",
                  "key": "permBtn_zoomAllGraphs_permMetricChart_widget_270b7dc5-656d-4f93-a3a2-2ee39aaaad49_486bbfd5-38d1-4369-8643-a4f2e104ca96"
               },
               {
                  "value": "b%3A0",
                  "key": "permBtn_pan_permMetricChart_widget_270b7dc5-656d-4f93-a3a2-2ee39aaaad49_486bbfd5-38d1-4369-8643-a4f2e104ca96"
               }
            ]
         },
         {
            "collapsed": false,
            "id": "e15317da-b71f-41f9-9adc-0316d052fb6c",
            "gridsterCoords": {
               "w": 12,
               "x": 1,
               "h": 5,
               "y": 26
            },
            "type": "View",
            "title": "Hosts (for selcted cluster)",
            "config": {
               "refreshInterval": 300,
               "resource": null,
               "traversalSpecId": "",
               "refreshContent": {"refreshContent": false},
               "isUpdatedView": true,
               "chartViewItems": [],
               "selectFirstRow": {"selectFirstRow": true},
               "selfProvider": {"selfProvider": false},
               "title": "Hosts (for selcted cluster)",
               "viewDefinitionId": "8850ad7a-44a4-4a2f-a9a1-450c86f1f21d"
            },
            "height": 267,
            "states": [{
               "value": "b%3A0",
               "key": "perm_isDashboardTime_widget_270b7dc5-656d-4f93-a3a2-2ee39aaaad49_e15317da-b71f-41f9-9adc-0316d052fb6c"
            }]
         },
         {
            "collapsed": false,
            "id": "2efb3175-52a8-48ae-9521-45d7219b7df3",
            "gridsterCoords": {
               "w": 3,
               "x": 1,
               "h": 7,
               "y": 19
            },
            "type": "ParetoAnalysis",
            "title": "Hosts | Health",
            "config": {
               "yellowBound": 75,
               "regenerationTime": 15,
               "barsCount": 10,
               "metricName": "",
               "relationshipMode": {"relationshipMode": [
                  -1,
                  0
               ]},
               "title": "Hosts | Health",
               "additionalColumns": [],
               "roundDecimals": 0,
               "metricUnit": {
                  "metricUnitId": "percent",
                  "metricUnitName": ""
               },
               "mode": "all",
               "resourceKind": [{"id": "resourceKind:id:2_::_"}],
               "filterMode": "tagPicker",
               "tagFilter": null,
               "customFilter": {
                  "filter": [],
                  "excludedResources": null,
                  "includedResources": null
               },
               "selfProvider": {"selfProvider": false},
               "filterOldMetrics": {"filterOldMetrics": false},
               "percentileValue": null,
               "topOption": "metricsLowestUtilization",
               "refreshInterval": 300,
               "resource": [],
               "maxValue": null,
               "refreshContent": {"refreshContent": false},
               "orangeBound": 50,
               "depth": 10,
               "metric": {
                  "metricKey": "badge|health",
                  "name": "Badge|Health (%)"
               },
               "redBound": 25
            },
            "height": 381
         },
         {
            "collapsed": false,
            "id": "994df1d0-8df8-4c8c-a84b-8d1bed569404",
            "gridsterCoords": {
               "w": 3,
               "x": 4,
               "h": 7,
               "y": 19
            },
            "type": "ParetoAnalysis",
            "title": "Hosts | Workload",
            "config": {
               "yellowBound": 85,
               "regenerationTime": 15,
               "barsCount": 5,
               "metricName": "",
               "relationshipMode": {"relationshipMode": [
                  -1,
                  0
               ]},
               "title": "Hosts | Workload",
               "additionalColumns": [],
               "roundDecimals": 0,
               "metricUnit": {
                  "metricUnitId": "percent",
                  "metricUnitName": "%"
               },
               "mode": "all",
               "resourceKind": [{"id": "resourceKind:id:2_::_"}],
               "filterMode": "tagPicker",
               "tagFilter": null,
               "customFilter": {
                  "filter": [],
                  "excludedResources": null,
                  "includedResources": null
               },
               "selfProvider": {"selfProvider": false},
               "filterOldMetrics": {"filterOldMetrics": false},
               "percentileValue": null,
               "topOption": "metricsHighestUtilization",
               "refreshInterval": 300,
               "resource": [],
               "maxValue": null,
               "refreshContent": {"refreshContent": false},
               "orangeBound": 90,
               "depth": 10,
               "metric": {
                  "metricKey": "badge|workload",
                  "name": "Badge|Workload (%)"
               },
               "redBound": 95
            },
            "height": 381
         },
         {
            "collapsed": false,
            "id": "d516e3ff-2b39-4ec1-9ead-6e2cdf899611",
            "gridsterCoords": {
               "w": 3,
               "x": 10,
               "h": 7,
               "y": 19
            },
            "type": "ParetoAnalysis",
            "title": "VM | Workload",
            "config": {
               "yellowBound": 85,
               "regenerationTime": 15,
               "barsCount": 10,
               "metricName": "",
               "relationshipMode": {"relationshipMode": [
                  -1,
                  0
               ]},
               "title": "VM | Workload",
               "additionalColumns": [],
               "roundDecimals": 0,
               "metricUnit": {
                  "metricUnitId": "percent",
                  "metricUnitName": "%"
               },
               "mode": "all",
               "resourceKind": [{"id": "resourceKind:id:0_::_"}],
               "filterMode": "tagPicker",
               "tagFilter": null,
               "customFilter": {
                  "filter": [],
                  "excludedResources": null,
                  "includedResources": null
               },
               "selfProvider": {"selfProvider": false},
               "filterOldMetrics": {"filterOldMetrics": false},
               "percentileValue": null,
               "topOption": "metricsHighestUtilization",
               "refreshInterval": 300,
               "resource": [],
               "maxValue": null,
               "refreshContent": {"refreshContent": false},
               "orangeBound": 90,
               "depth": 10,
               "metric": {
                  "metricKey": "badge|workload",
                  "name": "Badge|Workload (%)"
               },
               "redBound": 95
            },
            "height": 381
         },
         {
            "collapsed": false,
            "id": "162b0ade-1c67-4a1d-b6a0-f44a02452523",
            "gridsterCoords": {
               "w": 3,
               "x": 7,
               "h": 7,
               "y": 19
            },
            "type": "ParetoAnalysis",
            "title": "VM | Health",
            "config": {
               "yellowBound": 75,
               "regenerationTime": 15,
               "barsCount": 10,
               "metricName": "",
               "relationshipMode": {"relationshipMode": [
                  -1,
                  0
               ]},
               "title": "VM | Health",
               "additionalColumns": [],
               "roundDecimals": 0,
               "metricUnit": {
                  "metricUnitId": "percent",
                  "metricUnitName": "%"
               },
               "mode": "all",
               "resourceKind": [{"id": "resourceKind:id:0_::_"}],
               "filterMode": "tagPicker",
               "tagFilter": null,
               "customFilter": {
                  "filter": [],
                  "excludedResources": null,
                  "includedResources": null
               },
               "selfProvider": {"selfProvider": false},
               "filterOldMetrics": {"filterOldMetrics": false},
               "percentileValue": null,
               "topOption": "metricsLowestUtilization",
               "refreshInterval": 300,
               "resource": [],
               "maxValue": null,
               "refreshContent": {"refreshContent": false},
               "orangeBound": 50,
               "depth": 10,
               "metric": {
                  "metricKey": "badge|health",
                  "name": "Badge|Health (%)"
               },
               "redBound": 25
            },
            "height": 381
         },
         {
            "collapsed": false,
            "id": "9fb5e70b-b48f-466c-8a4b-e84d0cb7a25e",
            "gridsterCoords": {
               "w": 12,
               "x": 1,
               "h": 6,
               "y": 7
            },
            "type": "View",
            "title": "Environment Growth",
            "config": {
               "refreshInterval": 300,
               "resource": {
                  "resourceId": "resource:id:0_::_",
                  "traversalSpecId": "",
                  "resourceName": "vSphere World",
                  "resourceKindId": "002006VMWAREvSphere World",
                  "id": "Ext.vcops.chrome.model.Resource-205"
               },
               "traversalSpecId": null,
               "refreshContent": {"refreshContent": false},
               "isUpdatedView": true,
               "chartViewItems": [],
               "selectFirstRow": {"selectFirstRow": false},
               "selfProvider": {"selfProvider": true},
               "title": "Environment Growth",
               "viewDefinitionId": "7fdf26e5-e337-4bc6-91aa-d7be996e71e5"
            },
            "height": 317,
            "states": [{
               "value": "b%3A0",
               "key": "perm_isDashboardTime_widget_270b7dc5-656d-4f93-a3a2-2ee39aaaad49_9fb5e70b-b48f-466c-8a4b-e84d0cb7a25e"
            }]
         }
      ],
      "userId": "7a1c5532-891a-4297-9089-b7b4628c185a",
      "states": [{
         "value": "o%3AdateRange%3Ds%253Alast24Hour%5EdateRangeText%3Ds%253A24H",
         "key": "permDashboardTime_dashboard_270b7dc5-656d-4f93-a3a2-2ee39aaaad49"
      }],
      "homeTab": false,
      "name": "DBH | Cluster DEMO",
      "gridsterMaxColumns": 12,
      "rank": 0,
      "disabled": false,
      "id": "270b7dc5-656d-4f93-a3a2-2ee39aaaad49",
      "locked": false,
      "dashboardNavigations": {},
      "widgetInteractions": [
         {
            "widgetIdProvider": "8effaf1f-46a2-4355-894a-0e8089661614",
            "type": "resourceId",
            "widgetIdReceiver": "355ae212-0557-40b2-a2c9-b831b6357b41"
         },
         {
            "widgetIdProvider": "af2abd98-f0c2-4d64-a340-6f06122a3b3d",
            "type": "resourceId",
            "widgetIdReceiver": "61abe42a-d2a6-494e-af76-22ad04982f5a"
         },
         {
            "widgetIdProvider": "af2abd98-f0c2-4d64-a340-6f06122a3b3d",
            "type": "resourceId",
            "widgetIdReceiver": "984fa524-fb36-49c9-8743-965fb0524c1e"
         },
         {
            "widgetIdProvider": "af2abd98-f0c2-4d64-a340-6f06122a3b3d",
            "type": "resourceId",
            "widgetIdReceiver": "bce0db4a-00d5-4869-b685-7401cd5c5eea"
         },
         {
            "widgetIdProvider": "af2abd98-f0c2-4d64-a340-6f06122a3b3d",
            "type": "resourceId",
            "widgetIdReceiver": "8effaf1f-46a2-4355-894a-0e8089661614"
         },
         {
            "widgetIdProvider": "af2abd98-f0c2-4d64-a340-6f06122a3b3d",
            "type": "resourceId",
            "widgetIdReceiver": "f28a5c54-04ef-4022-a7f6-cd33e33c8331"
         },
         {
            "widgetIdProvider": "af2abd98-f0c2-4d64-a340-6f06122a3b3d",
            "type": "resourceId",
            "widgetIdReceiver": "486bbfd5-38d1-4369-8643-a4f2e104ca96"
         },
         {
            "widgetIdProvider": "af2abd98-f0c2-4d64-a340-6f06122a3b3d",
            "type": "resourceId",
            "widgetIdReceiver": "e15317da-b71f-41f9-9adc-0316d052fb6c"
         },
         {
            "widgetIdProvider": "af2abd98-f0c2-4d64-a340-6f06122a3b3d",
            "type": "resourceId",
            "widgetIdReceiver": "2efb3175-52a8-48ae-9521-45d7219b7df3"
         },
         {
            "widgetIdProvider": "af2abd98-f0c2-4d64-a340-6f06122a3b3d",
            "type": "resourceId",
            "widgetIdReceiver": "994df1d0-8df8-4c8c-a84b-8d1bed569404"
         },
         {
            "widgetIdProvider": "af2abd98-f0c2-4d64-a340-6f06122a3b3d",
            "type": "resourceId",
            "widgetIdReceiver": "d516e3ff-2b39-4ec1-9ead-6e2cdf899611"
         },
         {
            "widgetIdProvider": "af2abd98-f0c2-4d64-a340-6f06122a3b3d",
            "type": "resourceId",
            "widgetIdReceiver": "162b0ade-1c67-4a1d-b6a0-f44a02452523"
         }
      ],
      "lastUpdateTime": 1698254526249
   }],
   "uuid": "709a34a8-acca-4cd8-8d0a-eacdf36e6586"
}