{
   "entries": {"resource": [{
      "resourceKindKey": "vSphere World",
      "internalId": "resource:id:0_::_",
      "adapterKindKey": "VMWARE",
      "identifiers": [],
      "name": "vSphere World"
   }]},
   "dashboards": [{
      "shared": false,
      "temporary": false,
      "hidden": false,
      "creationTime": 1728215586519,
      "autoswitchEnabled": false,
      "importAttempts": 0,
      "lastUpdateUserId": "6b8550f8-3c36-4c1c-8652-0dfe29ed61a3",
      "columnProportion": "1-1",
      "importComplete": true,
      "description": "",
      "columnCount": 1,
      "widgets": [
         {
            "collapsed": false,
            "id": "76e5326c-cee1-43ab-ba85-c7190df3a59c",
            "gridsterCoords": {
               "w": 4,
               "x": 1,
               "h": 7,
               "y": 1
            },
            "type": "View",
            "title": "Memory | Total (MB)",
            "config": {
               "refreshInterval": 300,
               "resource": {
                  "resourceId": "resource:id:0_::_",
                  "traversalSpecId": "",
                  "resourceName": "vSphere World",
                  "resourceKindId": "002006VMWAREvSphere World",
                  "id": "Ext.vcops.chrome.model.Resource-274"
               },
               "traversalSpecId": null,
               "refreshContent": {"refreshContent": true},
               "isUpdatedView": true,
               "chartViewItems": ["labels"],
               "selectFirstRow": {"selectFirstRow": false},
               "selfProvider": {"selfProvider": true},
               "title": "Memory | Total (MB)",
               "viewDefinitionId": "74313763-61fd-4f5f-a1c8-decee6dc2cea"
            },
            "height": 381
         },
         {
            "collapsed": false,
            "id": "4f231992-25dc-4ddd-b2e5-bc505a85256d",
            "gridsterCoords": {
               "w": 4,
               "x": 5,
               "h": 7,
               "y": 1
            },
            "type": "View",
            "title": "Memory | RAM (MB)",
            "config": {
               "refreshInterval": 300,
               "resource": {
                  "resourceId": "resource:id:0_::_",
                  "traversalSpecId": "",
                  "resourceName": "vSphere World",
                  "resourceKindId": "002006VMWAREvSphere World",
                  "id": "Ext.vcops.chrome.model.Resource-209"
               },
               "traversalSpecId": null,
               "refreshContent": {"refreshContent": true},
               "isUpdatedView": true,
               "chartViewItems": ["labels"],
               "selectFirstRow": {"selectFirstRow": false},
               "selfProvider": {"selfProvider": true},
               "title": "Memory | RAM (MB)",
               "viewDefinitionId": "9b6624c4-34e2-45f5-8390-b495fd0187d1"
            },
            "height": 381
         },
         {
            "collapsed": false,
            "id": "c034ba66-ead5-4982-8d89-23084a58fbf2",
            "gridsterCoords": {
               "w": 4,
               "x": 9,
               "h": 7,
               "y": 1
            },
            "type": "View",
            "title": "Memory | NVMe (MB)",
            "config": {
               "refreshInterval": 300,
               "resource": {
                  "resourceId": "resource:id:0_::_",
                  "traversalSpecId": "",
                  "resourceName": "vSphere World",
                  "resourceKindId": "002006VMWAREvSphere World",
                  "id": "Ext.vcops.chrome.model.Resource-234"
               },
               "traversalSpecId": null,
               "refreshContent": {"refreshContent": true},
               "isUpdatedView": true,
               "chartViewItems": ["labels"],
               "selectFirstRow": {"selectFirstRow": false},
               "selfProvider": {"selfProvider": true},
               "title": "Memory | NVMe (MB)",
               "viewDefinitionId": "f1ef68c8-7cbe-4c4a-87f6-0ac9de687ccc"
            },
            "height": 381
         },
         {
            "collapsed": false,
            "id": "04791405-e1d6-493c-9f41-904775d41ef9",
            "gridsterCoords": {
               "w": 6,
               "x": 1,
               "h": 13,
               "y": 8
            },
            "type": "View",
            "title": "Tiered Memory | VMs",
            "config": {
               "refreshInterval": 300,
               "resource": {
                  "resourceId": "resource:id:0_::_",
                  "traversalSpecId": "",
                  "resourceName": "vSphere World",
                  "resourceKindId": "002006VMWAREvSphere World",
                  "id": "Ext.vcops.chrome.model.Resource-235"
               },
               "traversalSpecId": null,
               "refreshContent": {"refreshContent": true},
               "isUpdatedView": true,
               "chartViewItems": [],
               "selectFirstRow": {"selectFirstRow": true},
               "selfProvider": {"selfProvider": true},
               "title": "Tiered Memory | VMs",
               "viewDefinitionId": "51866264-49f3-42cb-9e33-4fb0fe77ceb7"
            },
            "height": 722,
            "states": [
               {
                  "value": "n%3A50",
                  "key": "permPageSize_widget_6a5ba954-b7a3-4346-a2b2-1ce09dae2bd5_04791405-e1d6-493c-9f41-904775d41ef9"
               },
               {
                  "value": "s%3A%7B%22minType%22%3A%22.TimeIntervalControl%22%2C%22advancedTimeMode%22%3Afalse%2C%22fromTime%22%3Anull%2C%22unit%22%3A%22HOURS%22%2C%22count%22%3A1%2C%22priorUnit%22%3Anull%2C%22priorCount%22%3Anull%2C%22startSubUnit%22%3Anull%2C%22startPeriod%22%3Anull%2C%22toTime%22%3Anull%2C%22endUnit%22%3Anull%2C%22endCount%22%3Anull%2C%22endSubUnit%22%3Anull%2C%22endPeriod%22%3Anull%2C%22isRealTimeData%22%3Anull%2C%22mondayHours%22%3A%5B%5D%2C%22tuesdayHours%22%3A%5B%5D%2C%22wednesdayHours%22%3A%5B%5D%2C%22thursdayHours%22%3A%5B%5D%2C%22fridayHours%22%3A%5B%5D%2C%22saturdayHours%22%3A%5B%5D%2C%22sundayHours%22%3A%5B%5D%7D",
                  "key": "permSelectedDate_widget_6a5ba954-b7a3-4346-a2b2-1ce09dae2bd5_04791405-e1d6-493c-9f41-904775d41ef9"
               },
               {
                  "value": "o%3Acolumns%3Da%253Ao%25253Aid%25253Ds%2525253ApermTableView_widget_6a5ba954-b7a3-4346-a2b2-1ce09dae2bd5_04791405-e1d6-493c-9f41-904775d41ef9-column-0%25255Ehidden%25253Db%2525253A0%25255Ewidth%25253Dn%2525253A215.17578125%255Eo%25253Aid%25253Ds%2525253ApermTableView_widget_6a5ba954-b7a3-4346-a2b2-1ce09dae2bd5_04791405-e1d6-493c-9f41-904775d41ef9-column-mem%2525257Cguest_provisioned1%25255Ehidden%25253Db%2525253A0%25255Ewidth%25253Dn%2525253A105.08984375%255Eo%25253Aid%25253Ds%2525253ApermTableView_widget_6a5ba954-b7a3-4346-a2b2-1ce09dae2bd5_04791405-e1d6-493c-9f41-904775d41ef9-column-mem%2525257Cusage_average2%25255Ehidden%25253Db%2525253A0%25255Ewidth%25253Dn%2525253A141.9921875%255Eo%25253Aid%25253Ds%2525253ApermTableView_widget_6a5ba954-b7a3-4346-a2b2-1ce09dae2bd5_04791405-e1d6-493c-9f41-904775d41ef9-column-fastapi%2525257CVM%25252520Tier0%25252520RAM%25252520Mb3%25255Ehidden%25253Db%2525253A0%25255Ewidth%25253Dn%2525253A99.7109375%255Eo%25253Aid%25253Ds%2525253ApermTableView_widget_6a5ba954-b7a3-4346-a2b2-1ce09dae2bd5_04791405-e1d6-493c-9f41-904775d41ef9-column-fastapi%2525257CVM%25252520Tier1%25252520Nv%25252520Me%25252520Mb4%25255Ehidden%25253Db%2525253A0%25255Ewidth%25253Dn%2525253A106.67578125",
                  "key": "permTableView_widget_6a5ba954-b7a3-4346-a2b2-1ce09dae2bd5_04791405-e1d6-493c-9f41-904775d41ef9"
               }
            ]
         },
         {
            "collapsed": false,
            "id": "122c0026-18a4-49c2-a0a8-29574f36ad03",
            "gridsterCoords": {
               "w": 6,
               "x": 7,
               "h": 13,
               "y": 8
            },
            "type": "View",
            "title": "Tiered Host Settings",
            "config": {
               "refreshInterval": 300,
               "resource": {
                  "resourceId": "resource:id:0_::_",
                  "traversalSpecId": "",
                  "resourceName": "vSphere World",
                  "resourceKindId": "002006VMWAREvSphere World",
                  "id": "Ext.vcops.chrome.model.Resource-90"
               },
               "traversalSpecId": null,
               "refreshContent": {"refreshContent": true},
               "isUpdatedView": true,
               "chartViewItems": [],
               "selectFirstRow": {"selectFirstRow": true},
               "selfProvider": {"selfProvider": true},
               "title": "Tiered Host Settings",
               "viewDefinitionId": "0b94836a-ca65-4360-af24-28e31a1ac9a8"
            },
            "height": 722,
            "states": [{
               "value": "o%3Acolumns%3Da%253Ao%25253Aid%25253Ds%2525253ApermTableView_widget_6a5ba954-b7a3-4346-a2b2-1ce09dae2bd5_122c0026-18a4-49c2-a0a8-29574f36ad03-column-0%25255Ehidden%25253Db%2525253A0%255Eo%25253Aid%25253Ds%2525253ApermTableView_widget_6a5ba954-b7a3-4346-a2b2-1ce09dae2bd5_122c0026-18a4-49c2-a0a8-29574f36ad03-column-fastapi%2525257CTiering%25252520Enabled1%25255Ehidden%25253Db%2525253A0%255Eo%25253Aid%25253Ds%2525253ApermTableView_widget_6a5ba954-b7a3-4346-a2b2-1ce09dae2bd5_122c0026-18a4-49c2-a0a8-29574f36ad03-column-fastapi%2525257CDram%25252520Memory2%25255Ehidden%25253Db%2525253A0%25255Ewidth%25253Dn%2525253A70%255Eo%25253Aid%25253Ds%2525253ApermTableView_widget_6a5ba954-b7a3-4346-a2b2-1ce09dae2bd5_122c0026-18a4-49c2-a0a8-29574f36ad03-column-fastapi%2525257CTiering%25252520Ratio3%25255Ehidden%25253Db%2525253A0%25255Ewidth%25253Dn%2525253A75%255Eo%25253Aid%25253Ds%2525253ApermTableView_widget_6a5ba954-b7a3-4346-a2b2-1ce09dae2bd5_122c0026-18a4-49c2-a0a8-29574f36ad03-column-fastapi%2525257CNv%25252520Me%25252520Memory4%25255Ehidden%25253Db%2525253A0%25255Ewidth%25253Dn%2525253A78%255Eo%25253Aid%25253Ds%2525253ApermTableView_widget_6a5ba954-b7a3-4346-a2b2-1ce09dae2bd5_122c0026-18a4-49c2-a0a8-29574f36ad03-column-fastapi%2525257CNv%25252520Me%25252520Device5%25255Ehidden%25253Db%2525253A0%25255Ewidth%25253Dn%2525253A556",
               "key": "permTableView_widget_6a5ba954-b7a3-4346-a2b2-1ce09dae2bd5_122c0026-18a4-49c2-a0a8-29574f36ad03"
            }]
         }
      ],
      "userId": "6b8550f8-3c36-4c1c-8652-0dfe29ed61a3",
      "states": [],
      "homeTab": true,
      "name": "DBH | Tiered Memory",
      "gridsterMaxColumns": 12,
      "rank": 0,
      "disabled": false,
      "id": "6a5ba954-b7a3-4346-a2b2-1ce09dae2bd5",
      "locked": false,
      "dashboardNavigations": {},
      "widgetInteractions": [],
      "lastUpdateTime": 1728237238632
   }],
   "uuid": "a1cf70d1-45f7-494b-b386-9547df2da1ea"
}