{
   "entries": {"resource": [{
      "resourceKindKey": "vSphere World",
      "internalId": "resource:id:0_::_",
      "adapterKindKey": "VMWARE",
      "identifiers": [],
      "name": "vSphere World"
   }]},
   "dashboards": [{
      "shared": false,
      "temporary": false,
      "hidden": false,
      "creationTime": 1749064925959,
      "autoswitchEnabled": false,
      "importAttempts": 0,
      "lastUpdateUserId": "6b8550f8-3c36-4c1c-8652-0dfe29ed61a3",
      "columnProportion": "1-1",
      "importComplete": true,
      "description": "",
      "columnCount": 1,
      "widgets": [
         {
            "collapsed": false,
            "id": "4ea2a448-996a-4074-bb8b-3a049ec3d725",
            "gridsterCoords": {
               "w": 3,
               "x": 1,
               "h": 6,
               "y": 1
            },
            "type": "View",
            "title": "CPU | Overcommit | Datacenter",
            "config": {
               "refreshInterval": 300,
               "resource": {
                  "resourceId": "resource:id:0_::_",
                  "traversalSpecId": "",
                  "resourceName": "vSphere World",
                  "resourceKindId": "002006VMWAREvSphere World",
                  "id": "Ext.vcops.chrome.model.Resource-276"
               },
               "traversalSpecId": null,
               "refreshContent": {"refreshContent": true},
               "isUpdatedView": true,
               "chartViewItems": [],
               "selectFirstRow": {"selectFirstRow": false},
               "selfProvider": {"selfProvider": true},
               "title": "CPU | Overcommit | Datacenter",
               "viewDefinitionId": "e1dae69f-6b08-414f-a92f-2062fb5e99a8"
            },
            "height": 323
         },
         {
            "collapsed": false,
            "id": "d75be5f6-72b8-45bd-b69d-eebe9259d44f",
            "gridsterCoords": {
               "w": 3,
               "x": 4,
               "h": 6,
               "y": 1
            },
            "type": "View",
            "title": "CPU | Overcommit | Clusters",
            "config": {
               "refreshInterval": 300,
               "resource": {
                  "resourceId": "resource:id:0_::_",
                  "traversalSpecId": "",
                  "resourceName": "vSphere World",
                  "resourceKindId": "002006VMWAREvSphere World",
                  "id": "Ext.vcops.chrome.model.Resource-122"
               },
               "traversalSpecId": null,
               "refreshContent": {"refreshContent": true},
               "isUpdatedView": true,
               "chartViewItems": [],
               "selectFirstRow": {"selectFirstRow": false},
               "selfProvider": {"selfProvider": true},
               "title": "CPU | Overcommit | Clusters",
               "viewDefinitionId": "dd704863-0ed9-48a4-8003-f779d20350da"
            },
            "height": 324
         },
         {
            "collapsed": false,
            "id": "ddb90020-1239-4619-89bf-a671f4b37b74",
            "gridsterCoords": {
               "w": 3,
               "x": 7,
               "h": 6,
               "y": 1
            },
            "type": "View",
            "title": "CPU | Overcommit | Host",
            "config": {
               "refreshInterval": 300,
               "resource": {
                  "resourceId": "resource:id:0_::_",
                  "traversalSpecId": "",
                  "resourceName": "vSphere World",
                  "resourceKindId": "002006VMWAREvSphere World",
                  "id": "Ext.vcops.chrome.model.Resource-281"
               },
               "traversalSpecId": null,
               "refreshContent": {"refreshContent": true},
               "isUpdatedView": true,
               "chartViewItems": [],
               "selectFirstRow": {"selectFirstRow": false},
               "selfProvider": {"selfProvider": true},
               "title": "CPU | Overcommit | Host",
               "viewDefinitionId": "4c67dda9-e594-4b80-8a09-0eb175b6ad51"
            },
            "height": 324
         },
         {
            "collapsed": false,
            "id": "910d9bda-83c1-45db-8345-0326550cef6b",
            "gridsterCoords": {
               "w": 3,
               "x": 1,
               "h": 6,
               "y": 7
            },
            "type": "View",
            "title": "CPU | Overcommit | Datacenter | List",
            "config": {
               "refreshInterval": 300,
               "resource": {
                  "resourceId": "resource:id:0_::_",
                  "traversalSpecId": "",
                  "resourceName": "vSphere World",
                  "resourceKindId": "002006VMWAREvSphere World",
                  "id": "Ext.vcops.chrome.model.Resource-277"
               },
               "traversalSpecId": null,
               "refreshContent": {"refreshContent": true},
               "isUpdatedView": true,
               "chartViewItems": [],
               "selectFirstRow": {"selectFirstRow": true},
               "selfProvider": {"selfProvider": true},
               "title": "CPU | Overcommit | Datacenter | List",
               "viewDefinitionId": "d0367054-df67-4eb8-a2b6-a356ff0768c9"
            },
            "height": 324,
            "states": [{
               "value": "o%3Acolumns%3Da%253Ao%25253Aid%25253Ds%2525253ApermTableView_widget_c9b9eece-3478-4543-bc94-64053441b29b_910d9bda-83c1-45db-8345-0326550cef6b-column-0%25255Ehidden%25253Db%2525253A0%255Eo%25253Aid%25253Ds%2525253ApermTableView_widget_c9b9eece-3478-4543-bc94-64053441b29b_910d9bda-83c1-45db-8345-0326550cef6b-column-cpu%2525257Cvcpus_to_cores_allocation_ratio1%25255Ehidden%25253Db%2525253A0",
               "key": "permTableView_widget_c9b9eece-3478-4543-bc94-64053441b29b_910d9bda-83c1-45db-8345-0326550cef6b"
            }]
         },
         {
            "collapsed": false,
            "id": "31d5a001-4d8f-4507-9737-9b2c3b2d6072",
            "gridsterCoords": {
               "w": 3,
               "x": 4,
               "h": 6,
               "y": 7
            },
            "type": "View",
            "title": "CPU | Overcommit | Cluster | List",
            "config": {
               "refreshInterval": 300,
               "resource": {
                  "resourceId": "resource:id:0_::_",
                  "traversalSpecId": "",
                  "resourceName": "vSphere World",
                  "resourceKindId": "002006VMWAREvSphere World",
                  "id": "Ext.vcops.chrome.model.Resource-279"
               },
               "traversalSpecId": null,
               "refreshContent": {"refreshContent": true},
               "isUpdatedView": true,
               "chartViewItems": [],
               "selectFirstRow": {"selectFirstRow": true},
               "selfProvider": {"selfProvider": true},
               "title": "CPU | Overcommit | Cluster | List",
               "viewDefinitionId": "8447539e-4437-444d-a1f1-49dc1e4f9ec2"
            },
            "height": 324,
            "states": [
               {
                  "value": "s%3A%7B%22minType%22%3A%22.TimeIntervalControl%22%2C%22advancedTimeMode%22%3Afalse%2C%22fromTime%22%3Anull%2C%22unit%22%3A%22DAYS%22%2C%22count%22%3A7%2C%22priorUnit%22%3Anull%2C%22priorCount%22%3Anull%2C%22startSubUnit%22%3Anull%2C%22startPeriod%22%3Anull%2C%22toTime%22%3Anull%2C%22endUnit%22%3Anull%2C%22endCount%22%3Anull%2C%22endSubUnit%22%3Anull%2C%22endPeriod%22%3Anull%2C%22isRealTimeData%22%3Anull%2C%22mondayHours%22%3A%5B%5D%2C%22tuesdayHours%22%3A%5B%5D%2C%22wednesdayHours%22%3A%5B%5D%2C%22thursdayHours%22%3A%5B%5D%2C%22fridayHours%22%3A%5B%5D%2C%22saturdayHours%22%3A%5B%5D%2C%22sundayHours%22%3A%5B%5D%7D",
                  "key": "permSelectedDate_widget_c9b9eece-3478-4543-bc94-64053441b29b_31d5a001-4d8f-4507-9737-9b2c3b2d6072"
               },
               {
                  "value": "n%3A50",
                  "key": "permPageSize_widget_c9b9eece-3478-4543-bc94-64053441b29b_31d5a001-4d8f-4507-9737-9b2c3b2d6072"
               },
               {
                  "value": "b%3A0",
                  "key": "perm_isDashboardTime_widget_c9b9eece-3478-4543-bc94-64053441b29b_31d5a001-4d8f-4507-9737-9b2c3b2d6072"
               },
               {
                  "value": "o%3Acolumns%3Da%253Ao%25253Aid%25253Ds%2525253ApermTableView_widget_c9b9eece-3478-4543-bc94-64053441b29b_31d5a001-4d8f-4507-9737-9b2c3b2d6072-column-0%25255Ehidden%25253Db%2525253A0%255Eo%25253Aid%25253Ds%2525253ApermTableView_widget_c9b9eece-3478-4543-bc94-64053441b29b_31d5a001-4d8f-4507-9737-9b2c3b2d6072-column-cpu%2525257Cvcpus_to_cores_allocation_ratio1%25255Ehidden%25253Db%2525253A0",
                  "key": "permTableView_widget_c9b9eece-3478-4543-bc94-64053441b29b_31d5a001-4d8f-4507-9737-9b2c3b2d6072"
               }
            ]
         },
         {
            "collapsed": false,
            "id": "d83e25e1-a3d5-4caa-be66-63ebc4fc8b87",
            "gridsterCoords": {
               "w": 3,
               "x": 7,
               "h": 6,
               "y": 7
            },
            "type": "View",
            "title": "CPU | Overcommit | Host | List",
            "config": {
               "refreshInterval": 300,
               "resource": {
                  "resourceId": "resource:id:0_::_",
                  "traversalSpecId": "",
                  "resourceName": "vSphere World",
                  "resourceKindId": "002006VMWAREvSphere World",
                  "id": "Ext.vcops.chrome.model.Resource-280"
               },
               "traversalSpecId": null,
               "refreshContent": {"refreshContent": true},
               "isUpdatedView": true,
               "chartViewItems": [],
               "selectFirstRow": {"selectFirstRow": true},
               "selfProvider": {"selfProvider": true},
               "title": "CPU | Overcommit | Host | List",
               "viewDefinitionId": "4476dc1d-fe58-4336-a048-20f63c41a7af"
            },
            "height": 324,
            "states": [
               {
                  "value": "n%3A50",
                  "key": "permPageSize_widget_c9b9eece-3478-4543-bc94-64053441b29b_d83e25e1-a3d5-4caa-be66-63ebc4fc8b87"
               },
               {
                  "value": "b%3A0",
                  "key": "perm_isDashboardTime_widget_c9b9eece-3478-4543-bc94-64053441b29b_d83e25e1-a3d5-4caa-be66-63ebc4fc8b87"
               },
               {
                  "value": "o%3Acolumns%3Da%253Ao%25253Aid%25253Ds%2525253ApermTableView_widget_c9b9eece-3478-4543-bc94-64053441b29b_d83e25e1-a3d5-4caa-be66-63ebc4fc8b87-column-0%25255Ehidden%25253Db%2525253A0%255Eo%25253Aid%25253Ds%2525253ApermTableView_widget_c9b9eece-3478-4543-bc94-64053441b29b_d83e25e1-a3d5-4caa-be66-63ebc4fc8b87-column-Super%25252520Metric%2525257Csm_83f29f56-0ebf-4e11-98a0-9470fbdd215e1%25255Ehidden%25253Db%2525253A0",
                  "key": "permTableView_widget_c9b9eece-3478-4543-bc94-64053441b29b_d83e25e1-a3d5-4caa-be66-63ebc4fc8b87"
               },
               {
                  "value": "s%3A%7B%22minType%22%3A%22.TimeIntervalControl%22%2C%22advancedTimeMode%22%3Afalse%2C%22fromTime%22%3Anull%2C%22unit%22%3A%22DAYS%22%2C%22count%22%3A7%2C%22priorUnit%22%3Anull%2C%22priorCount%22%3Anull%2C%22startSubUnit%22%3Anull%2C%22startPeriod%22%3Anull%2C%22toTime%22%3Anull%2C%22endUnit%22%3Anull%2C%22endCount%22%3Anull%2C%22endSubUnit%22%3Anull%2C%22endPeriod%22%3Anull%2C%22isRealTimeData%22%3Anull%2C%22mondayHours%22%3A%5B%5D%2C%22tuesdayHours%22%3A%5B%5D%2C%22wednesdayHours%22%3A%5B%5D%2C%22thursdayHours%22%3A%5B%5D%2C%22fridayHours%22%3A%5B%5D%2C%22saturdayHours%22%3A%5B%5D%2C%22sundayHours%22%3A%5B%5D%7D",
                  "key": "permSelectedDate_widget_c9b9eece-3478-4543-bc94-64053441b29b_d83e25e1-a3d5-4caa-be66-63ebc4fc8b87"
               }
            ]
         },
         {
            "collapsed": false,
            "id": "48168cbf-7e09-47a4-b57c-c9f7a002f026",
            "gridsterCoords": {
               "w": 11,
               "x": 1,
               "h": 11,
               "y": 13
            },
            "type": "View",
            "title": "VMs",
            "config": {
               "refreshInterval": 300,
               "resource": null,
               "traversalSpecId": "",
               "refreshContent": {"refreshContent": true},
               "isUpdatedView": true,
               "chartViewItems": [],
               "selectFirstRow": {"selectFirstRow": true},
               "selfProvider": {"selfProvider": false},
               "title": "VMs",
               "viewDefinitionId": "af0c562b-5ccf-4242-8b59-f262a36dffc2"
            },
            "height": 609,
            "states": [
               {
                  "value": "o%3Acolumns%3Da%253Ao%25253Aid%25253Ds%2525253ApermTableView_widget_c9b9eece-3478-4543-bc94-64053441b29b_48168cbf-7e09-47a4-b57c-c9f7a002f026-column-0%25255Ehidden%25253Db%2525253A0%255Eo%25253Aid%25253Ds%2525253ApermTableView_widget_c9b9eece-3478-4543-bc94-64053441b29b_48168cbf-7e09-47a4-b57c-c9f7a002f026-column-config%2525257Chardware%2525257Cnum_Cpu1%25255Ehidden%25253Db%2525253A0%25255Ewidth%25253Dn%2525253A71%255Eo%25253Aid%25253Ds%2525253ApermTableView_widget_c9b9eece-3478-4543-bc94-64053441b29b_48168cbf-7e09-47a4-b57c-c9f7a002f026-column-cpu%2525257Cusage_average2%25255Ehidden%25253Db%2525253A0%25255Ewidth%25253Dn%2525253A82%255Eo%25253Aid%25253Ds%2525253ApermTableView_widget_c9b9eece-3478-4543-bc94-64053441b29b_48168cbf-7e09-47a4-b57c-c9f7a002f026-column-cpu%2525257Cusage_average3%25255Ehidden%25253Db%2525253A0%25255Ewidth%25253Dn%2525253A157%255Eo%25253Aid%25253Ds%2525253ApermTableView_widget_c9b9eece-3478-4543-bc94-64053441b29b_48168cbf-7e09-47a4-b57c-c9f7a002f026-column-cpu%2525257Cready_summation4%25255Ehidden%25253Db%2525253A0%25255Ewidth%25253Dn%2525253A101%255Eo%25253Aid%25253Ds%2525253ApermTableView_widget_c9b9eece-3478-4543-bc94-64053441b29b_48168cbf-7e09-47a4-b57c-c9f7a002f026-column-summary%2525257Coversized5%25255Ehidden%25253Db%2525253A0%25255Ewidth%25253Dn%2525253A139%255Eo%25253Aid%25253Ds%2525253ApermTableView_widget_c9b9eece-3478-4543-bc94-64053441b29b_48168cbf-7e09-47a4-b57c-c9f7a002f026-column-summary%2525257Coversized%2525257Cvcpus6%25255Ehidden%25253Db%2525253A0%25255Ewidth%25253Dn%2525253A113%255Eo%25253Aid%25253Ds%2525253ApermTableView_widget_c9b9eece-3478-4543-bc94-64053441b29b_48168cbf-7e09-47a4-b57c-c9f7a002f026-column-summary%2525257Cundersized%2525257Cvcpus7%25255Ehidden%25253Db%2525253A0%25255Ewidth%25253Dn%2525253A144%255Eo%25253Aid%25253Ds%2525253ApermTableView_widget_c9b9eece-3478-4543-bc94-64053441b29b_48168cbf-7e09-47a4-b57c-c9f7a002f026-column-mem%2525257Cusage_average8%25255Ehidden%25253Db%2525253A0%25255Ewidth%25253Dn%2525253A88%255Eo%25253Aid%25253Ds%2525253ApermTableView_widget_c9b9eece-3478-4543-bc94-64053441b29b_48168cbf-7e09-47a4-b57c-c9f7a002f026-column-config%2525257Chardware%2525257CmemoryKB9%25255Ehidden%25253Db%2525253A0%25255Ewidth%25253Dn%2525253A60%255Eo%25253Aid%25253Ds%2525253ApermTableView_widget_c9b9eece-3478-4543-bc94-64053441b29b_48168cbf-7e09-47a4-b57c-c9f7a002f026-column-summary%2525257Cundersized10%25255Ehidden%25253Db%2525253A0%25255Ewidth%25253Dn%2525253A146%255Eo%25253Aid%25253Ds%2525253ApermTableView_widget_c9b9eece-3478-4543-bc94-64053441b29b_48168cbf-7e09-47a4-b57c-c9f7a002f026-column-mem%2525257Cusage_average11%25255Ehidden%25253Db%2525253A0%25255Ewidth%25253Dn%2525253A175%255Eo%25253Aid%25253Ds%2525253ApermTableView_widget_c9b9eece-3478-4543-bc94-64053441b29b_48168cbf-7e09-47a4-b57c-c9f7a002f026-column-summary%2525257Coversized%2525257Cmemory12%25255Ehidden%25253Db%2525253A0%25255Ewidth%25253Dn%2525253A127%255Eo%25253Aid%25253Ds%2525253ApermTableView_widget_c9b9eece-3478-4543-bc94-64053441b29b_48168cbf-7e09-47a4-b57c-c9f7a002f026-column-summary%2525257Cundersized%2525257Cmemory13%25255Ehidden%25253Db%2525253A0%25255Ewidth%25253Dn%2525253A175",
                  "key": "permTableView_widget_c9b9eece-3478-4543-bc94-64053441b29b_48168cbf-7e09-47a4-b57c-c9f7a002f026"
               },
               {
                  "value": "s%3A%7B%22minType%22%3A%22.TimeIntervalControl%22%2C%22advancedTimeMode%22%3Afalse%2C%22fromTime%22%3Anull%2C%22unit%22%3A%22MONTHS%22%2C%22count%22%3A6%2C%22priorUnit%22%3Anull%2C%22priorCount%22%3Anull%2C%22startSubUnit%22%3Anull%2C%22startPeriod%22%3Anull%2C%22toTime%22%3Anull%2C%22endUnit%22%3Anull%2C%22endCount%22%3Anull%2C%22endSubUnit%22%3Anull%2C%22endPeriod%22%3Anull%2C%22isRealTimeData%22%3Anull%2C%22mondayHours%22%3Anull%2C%22tuesdayHours%22%3Anull%2C%22wednesdayHours%22%3Anull%2C%22thursdayHours%22%3Anull%2C%22fridayHours%22%3Anull%2C%22saturdayHours%22%3Anull%2C%22sundayHours%22%3Anull%7D",
                  "key": "permSelectedDate_widget_c9b9eece-3478-4543-bc94-64053441b29b_48168cbf-7e09-47a4-b57c-c9f7a002f026"
               },
               {
                  "value": "b%3A0",
                  "key": "perm_isDashboardTime_widget_c9b9eece-3478-4543-bc94-64053441b29b_48168cbf-7e09-47a4-b57c-c9f7a002f026"
               },
               {
                  "value": "n%3A500",
                  "key": "permPageSize_widget_c9b9eece-3478-4543-bc94-64053441b29b_48168cbf-7e09-47a4-b57c-c9f7a002f026"
               }
            ]
         }
      ],
      "userId": "6b8550f8-3c36-4c1c-8652-0dfe29ed61a3",
      "states": [],
      "homeTab": false,
      "name": "vCROCS | CPU | Overcommit",
      "gridsterMaxColumns": 12,
      "rank": 0,
      "disabled": false,
      "id": "c9b9eece-3478-4543-bc94-64053441b29b",
      "locked": false,
      "dashboardNavigations": {},
      "widgetInteractions": [
         {
            "widgetIdProvider": "31d5a001-4d8f-4507-9737-9b2c3b2d6072",
            "type": "resourceId",
            "widgetIdReceiver": "48168cbf-7e09-47a4-b57c-c9f7a002f026"
         },
         {
            "widgetIdProvider": "d83e25e1-a3d5-4caa-be66-63ebc4fc8b87",
            "type": "resourceId",
            "widgetIdReceiver": "48168cbf-7e09-47a4-b57c-c9f7a002f026"
         },
         {
            "widgetIdProvider": "910d9bda-83c1-45db-8345-0326550cef6b",
            "type": "resourceId",
            "widgetIdReceiver": "48168cbf-7e09-47a4-b57c-c9f7a002f026"
         }
      ],
      "lastUpdateTime": 1749121567252
   }],
   "uuid": "42fb10d3-efba-46d2-ad57-d9527038407e"
}