{
   "entries": {
      "resourceKind": [{
         "resourceKindKey": "VirtualMachine",
         "internalId": "resourceKind:id:0_::_",
         "adapterKindKey": "VMWARE"
      }],
      "resource": [{
         "resourceKindKey": "Manual Application",
         "internalId": "resource:id:0_::_",
         "adapterKindKey": "Container",
         "identifiers": [],
         "name": "DBH | Aria Appliances"
      }]
   },
   "dashboards": [{
      "shared": false,
      "temporary": false,
      "hidden": false,
      "creationTime": 1717439856800,
      "autoswitchEnabled": false,
      "importAttempts": 0,
      "lastUpdateUserId": "287ed085-c6ca-4255-b69c-956f1665ed51",
      "columnProportion": "1-1",
      "importComplete": true,
      "description": "",
      "columnCount": 1,
      "widgets": [
         {
            "collapsed": false,
            "id": "627b6fee-88c5-4be2-b1bf-fc29dfb6fb14",
            "gridsterCoords": {
               "w": 12,
               "x": 1,
               "h": 21,
               "y": 10
            },
            "type": "View",
            "title": "Aria Appliance VMs | select to show performance details",
            "config": {
               "refreshInterval": 300,
               "resource": {
                  "resourceId": "resource:id:0_::_",
                  "traversalSpecId": "",
                  "resourceName": "DBH | Aria Appliances",
                  "resourceKindId": "002009ContainerManual Application",
                  "id": "Ext.vcops.chrome.model.Resource-1"
               },
               "traversalSpecId": null,
               "refreshContent": {"refreshContent": true},
               "isUpdatedView": true,
               "chartViewItems": [],
               "selectFirstRow": {"selectFirstRow": true},
               "selfProvider": {"selfProvider": true},
               "title": "Aria Appliance VMs | select to show performance details",
               "viewDefinitionId": "6d9892ce-a2f8-4e7b-87e9-7b7635e33a35"
            },
            "height": 1179,
            "states": [
               {
                  "value": "b%3A0",
                  "key": "perm_isDashboardTime_widget_51a197b2-6d32-4b54-8aed-3c1dbfefc8fa_627b6fee-88c5-4be2-b1bf-fc29dfb6fb14"
               },
               {
                  "value": "b%3A0",
                  "key": "perm_toolbarVisible_widget_51a197b2-6d32-4b54-8aed-3c1dbfefc8fa_627b6fee-88c5-4be2-b1bf-fc29dfb6fb14"
               },
               {
                  "value": "n%3A25",
                  "key": "permPageSize_widget_51a197b2-6d32-4b54-8aed-3c1dbfefc8fa_627b6fee-88c5-4be2-b1bf-fc29dfb6fb14"
               },
               {
                  "value": "s%3A%7B%22minType%22%3A%22.TimeIntervalControl%22%2C%22advancedTimeMode%22%3Afalse%2C%22fromTime%22%3Anull%2C%22unit%22%3A%22DAYS%22%2C%22count%22%3A7%2C%22priorUnit%22%3Anull%2C%22priorCount%22%3Anull%2C%22startSubUnit%22%3Anull%2C%22startPeriod%22%3Anull%2C%22toTime%22%3Anull%2C%22endUnit%22%3Anull%2C%22endCount%22%3Anull%2C%22endSubUnit%22%3Anull%2C%22endPeriod%22%3Anull%2C%22isRealTimeData%22%3Anull%2C%22mondayHours%22%3A%5B%5D%2C%22tuesdayHours%22%3A%5B%5D%2C%22wednesdayHours%22%3A%5B%5D%2C%22thursdayHours%22%3A%5B%5D%2C%22fridayHours%22%3A%5B%5D%2C%22saturdayHours%22%3A%5B%5D%2C%22sundayHours%22%3A%5B%5D%7D",
                  "key": "permSelectedDate_widget_51a197b2-6d32-4b54-8aed-3c1dbfefc8fa_627b6fee-88c5-4be2-b1bf-fc29dfb6fb14"
               }
            ]
         },
         {
            "collapsed": false,
            "id": "7d95fe19-a809-4d75-a444-de4754d87bd5",
            "gridsterCoords": {
               "w": 12,
               "x": 1,
               "h": 6,
               "y": 31
            },
            "type": "Scoreboard",
            "title": "Volumes | Selected VM | All volumes NOT on every VM",
            "config": {
               "maxCellCount": 100,
               "oldMetricValues": true,
               "relationshipMode": {"relationshipMode": 0},
               "valueSize": 24,
               "title": "Volumes | Selected VM | All volumes NOT on every VM",
               "boxHeight": null,
               "showResourceName": {"showResourceName": true},
               "roundDecimals": 1,
               "mode": {"layoutMode": "fixedView"},
               "labelSize": 16,
               "customFilter": {
                  "filter": [],
                  "excludedResources": null,
                  "includedResources": null
               },
               "selfProvider": {"selfProvider": false},
               "resInteractionMode": null,
               "visualTheme": 6,
               "showMetricName": {"showMetricName": true},
               "refreshInterval": 300,
               "resource": [],
               "showDT": {"showDT": false},
               "refreshContent": {"refreshContent": true},
               "showMetricUnit": {"showMetricUnit": true},
               "depth": 3,
               "metric": {
                  "mode": "resourceKind",
                  "resourceMetrics": [],
                  "resourceKindMetrics": [
                     {
                        "yellowBound": 80,
                        "metricUnitId": "percent",
                        "metricName": "Guest File System:/|Partition Utilization",
                        "metricKey": "guestfilesystem:/|percentage",
                        "handleOldColoring": false,
                        "link": "",
                        "resourceKindName": "Virtual Machine",
                        "isStringMetric": false,
                        "resourceKindId": "resourceKind:id:0_::_",
                        "label": "/",
                        "orangeBound": 85,
                        "unit": "%",
                        "redBound": 90,
                        "id": "extModel46679-1",
                        "colorMethod": 0
                     },
                     {
                        "yellowBound": 80,
                        "metricUnitId": "percent",
                        "metricName": "Guest File System:/boot|Partition Utilization",
                        "metricKey": "guestfilesystem:/boot|percentage",
                        "handleOldColoring": false,
                        "link": "",
                        "resourceKindName": "Virtual Machine",
                        "isStringMetric": false,
                        "resourceKindId": "resourceKind:id:0_::_",
                        "label": "boot",
                        "orangeBound": 85,
                        "unit": "%",
                        "redBound": 90,
                        "id": "extModel46679-2",
                        "colorMethod": 0
                     },
                     {
                        "yellowBound": 80,
                        "metricUnitId": "percent",
                        "metricName": "Guest File System:/storage/core|Partition Utilization",
                        "metricKey": "guestfilesystem:/storage/core|percentage",
                        "handleOldColoring": false,
                        "link": "",
                        "resourceKindName": "Virtual Machine",
                        "isStringMetric": false,
                        "resourceKindId": "resourceKind:id:0_::_",
                        "label": "core",
                        "orangeBound": 85,
                        "unit": "%",
                        "redBound": 90,
                        "id": "extModel46679-6",
                        "colorMethod": 0
                     },
                     {
                        "yellowBound": 80,
                        "metricUnitId": "percent",
                        "metricName": "Guest File System:/storage/db|Partition Utilization",
                        "metricKey": "guestfilesystem:/storage/db|percentage",
                        "handleOldColoring": false,
                        "link": "",
                        "resourceKindName": "Virtual Machine",
                        "isStringMetric": false,
                        "resourceKindId": "resourceKind:id:0_::_",
                        "label": "db",
                        "orangeBound": 85,
                        "unit": "%",
                        "redBound": 90,
                        "id": "extModel46679-7",
                        "colorMethod": 0
                     },
                     {
                        "yellowBound": 80,
                        "metricUnitId": "percent",
                        "metricName": "Guest File System:/storage/log|Partition Utilization",
                        "metricKey": "guestfilesystem:/storage/log|percentage",
                        "handleOldColoring": false,
                        "link": "",
                        "resourceKindName": "Virtual Machine",
                        "isStringMetric": false,
                        "resourceKindId": "resourceKind:id:0_::_",
                        "label": "log",
                        "orangeBound": 85,
                        "unit": "%",
                        "redBound": 90,
                        "id": "extModel46679-11",
                        "colorMethod": 0
                     },
                     {
                        "yellowBound": 80,
                        "metricUnitId": "percent",
                        "metricName": "Guest File System:/mnt|Partition Utilization",
                        "metricKey": "guestfilesystem:/mnt|percentage",
                        "handleOldColoring": false,
                        "link": "",
                        "resourceKindName": "Virtual Machine",
                        "isStringMetric": false,
                        "resourceKindId": "resourceKind:id:0_::_",
                        "label": "mnt",
                        "orangeBound": 85,
                        "unit": "%",
                        "redBound": 90,
                        "id": "extModel11523-1",
                        "colorMethod": 0
                     },
                     {
                        "yellowBound": 80,
                        "metricUnitId": "percent",
                        "metricName": "Guest File System:/data|Partition Utilization",
                        "metricKey": "guestfilesystem:/data|percentage",
                        "handleOldColoring": false,
                        "link": "",
                        "resourceKindName": "Virtual Machine",
                        "isStringMetric": false,
                        "resourceKindId": "resourceKind:id:0_::_",
                        "label": "data",
                        "orangeBound": 85,
                        "unit": "%",
                        "redBound": 90,
                        "id": "extModel13182-1",
                        "colorMethod": 0
                     },
                     {
                        "yellowBound": 80,
                        "metricUnitId": "percent",
                        "metricName": "Guest File System:/home|Partition Utilization",
                        "metricKey": "guestfilesystem:/home|percentage",
                        "handleOldColoring": false,
                        "link": "",
                        "resourceKindName": "Virtual Machine",
                        "isStringMetric": false,
                        "resourceKindId": "resourceKind:id:0_::_",
                        "label": "home",
                        "orangeBound": 85,
                        "unit": "%",
                        "redBound": 90,
                        "id": "extModel13182-2",
                        "colorMethod": 0
                     },
                     {
                        "yellowBound": 80,
                        "metricUnitId": "percent",
                        "metricName": "Guest File System:/var/log|Partition Utilization",
                        "metricKey": "guestfilesystem:/var/log|percentage",
                        "handleOldColoring": false,
                        "link": "",
                        "resourceKindName": "Virtual Machine",
                        "isStringMetric": false,
                        "resourceKindId": "resourceKind:id:0_::_",
                        "label": "var/log",
                        "orangeBound": 85,
                        "unit": "%",
                        "redBound": 90,
                        "id": "extModel13182-3",
                        "colorMethod": 0
                     },
                     {
                        "yellowBound": 80,
                        "metricUnitId": "percent",
                        "metricName": "Guest File System:/storage/var|Partition Utilization",
                        "metricKey": "guestfilesystem:/storage/var|percentage",
                        "handleOldColoring": false,
                        "link": "",
                        "resourceKindName": "Virtual Machine",
                        "isStringMetric": false,
                        "resourceKindId": "resourceKind:id:0_::_",
                        "label": "storage/var",
                        "orangeBound": 85,
                        "unit": "%",
                        "redBound": 90,
                        "id": "extModel4981-1",
                        "colorMethod": 0
                     }
                  ],
                  "subMode": "resourceKindAll"
               },
               "showSparkline": {"showSparkline": true},
               "boxColumns": 5,
               "periodLength": null
            },
            "height": 324
         },
         {
            "collapsed": false,
            "id": "7e722ac3-fcda-487b-9d71-7feb46f63c27",
            "gridsterCoords": {
               "w": 2,
               "x": 1,
               "h": 6,
               "y": 1
            },
            "type": "View",
            "title": "Aria Appliances | Health",
            "config": {
               "refreshInterval": 300,
               "resource": {
                  "resourceId": "resource:id:0_::_",
                  "traversalSpecId": "",
                  "resourceName": "DBH | Aria Appliances",
                  "resourceKindId": "002009ContainerManual Application",
                  "id": "Ext.vcops.chrome.model.Resource-307"
               },
               "traversalSpecId": null,
               "refreshContent": {"refreshContent": true},
               "isUpdatedView": true,
               "chartViewItems": [],
               "selectFirstRow": {"selectFirstRow": false},
               "selfProvider": {"selfProvider": true},
               "title": "Aria Appliances | Health",
               "viewDefinitionId": "8a109288-57bf-4898-aadc-401100b61d56"
            },
            "height": 324,
            "states": [{
               "value": "b%3A0",
               "key": "perm_isDashboardTime_widget_51a197b2-6d32-4b54-8aed-3c1dbfefc8fa_7e722ac3-fcda-487b-9d71-7feb46f63c27"
            }]
         },
         {
            "collapsed": false,
            "id": "b8342c61-a4c6-4334-8ff4-d835cb951e31",
            "gridsterCoords": {
               "w": 4,
               "x": 9,
               "h": 4,
               "y": 2
            },
            "type": "HealthChart",
            "title": "Aria Appliance | CPU | Selected VM",
            "config": {
               "yellowBound": 85,
               "metricName": "CPU|Usage (%)",
               "metricKey": "cpu|usage_average",
               "relationshipMode": {"relationshipMode": 0},
               "sortByDir": {"orderByDir": "asc"},
               "title": "Aria Appliance | CPU | Selected VM",
               "showResourceName": {"showResourceName": true},
               "chartHeight": 135,
               "metricUnit": {
                  "metricUnitId": -1,
                  "metricUnitName": "Default Unit"
               },
               "mode": "all",
               "metricType": {"metricType": "custom"},
               "filterMode": "tagPicker",
               "tagFilter": null,
               "paginationNumber": 15,
               "customFilter": {
                  "filter": [],
                  "excludedResources": null,
                  "includedResources": null
               },
               "selectFirstRow": {"selectFirstRow": false},
               "sortBy": "metricValue",
               "selfProvider": {"selfProvider": false},
               "refreshInterval": 300,
               "resource": [],
               "refreshContent": {"refreshContent": false},
               "resourceKindId": "resourceKind:id:0_::_",
               "orangeBound": 90,
               "metricFullName": "CPU|Usage (%)",
               "showMetricLabel": {"showMetricLabel": false},
               "depth": 1,
               "metricLabel": "",
               "redBound": 95
            },
            "height": 210,
            "states": [{
               "value": "s%3A%7B%22dateRange%22%3A%22dashboardTime%22%2C%22dateFrom%22%3Anull%2C%22dateTo%22%3Anull%2C%22timeFrom%22%3Anull%2C%22timeTo%22%3Anull%7D",
               "key": "permDateRange_HealthChart_widget_51a197b2-6d32-4b54-8aed-3c1dbfefc8fa_b8342c61-a4c6-4334-8ff4-d835cb951e31"
            }]
         },
         {
            "collapsed": false,
            "id": "5abb15c3-ee75-4165-928f-4a58c2aefdf2",
            "gridsterCoords": {
               "w": 8,
               "x": 1,
               "h": 3,
               "y": 7
            },
            "type": "Scoreboard",
            "title": "Aria Appliance | Performance | Selected VM",
            "config": {
               "maxCellCount": 100,
               "oldMetricValues": true,
               "relationshipMode": {"relationshipMode": 0},
               "valueSize": 24,
               "title": "Aria Appliance | Performance | Selected VM",
               "boxHeight": null,
               "showResourceName": {"showResourceName": true},
               "roundDecimals": 1,
               "mode": {"layoutMode": "fixedView"},
               "labelSize": 16,
               "customFilter": {
                  "filter": [],
                  "excludedResources": null,
                  "includedResources": null
               },
               "selfProvider": {"selfProvider": false},
               "resInteractionMode": null,
               "visualTheme": 6,
               "showMetricName": {"showMetricName": true},
               "refreshInterval": 300,
               "resource": [],
               "showDT": {"showDT": false},
               "refreshContent": {"refreshContent": false},
               "showMetricUnit": {"showMetricUnit": true},
               "depth": 1,
               "metric": {
                  "mode": "resourceKind",
                  "resourceMetrics": [],
                  "resourceKindMetrics": [
                     {
                        "yellowBound": 75,
                        "metricUnitId": "percent",
                        "metricName": "Badge|Health",
                        "metricKey": "badge|health",
                        "handleOldColoring": false,
                        "link": "",
                        "resourceKindName": "Virtual Machine",
                        "isStringMetric": false,
                        "resourceKindId": "resourceKind:id:0_::_",
                        "label": "Health",
                        "orangeBound": 50,
                        "unit": "%",
                        "redBound": 25,
                        "id": "extModel41173-2",
                        "colorMethod": 0
                     },
                     {
                        "yellowBound": 80,
                        "metricUnitId": "percent",
                        "metricName": "Badge|Workload",
                        "metricKey": "badge|workload",
                        "handleOldColoring": false,
                        "link": "",
                        "resourceKindName": "Virtual Machine",
                        "isStringMetric": false,
                        "resourceKindId": "resourceKind:id:0_::_",
                        "label": "Workload",
                        "orangeBound": 85,
                        "unit": "%",
                        "redBound": 90,
                        "id": "extModel41173-3",
                        "colorMethod": 0
                     },
                     {
                        "yellowBound": 85,
                        "metricUnitId": "percent",
                        "metricName": "CPU|Usage",
                        "metricKey": "cpu|usage_average",
                        "handleOldColoring": false,
                        "link": "",
                        "resourceKindName": "Virtual Machine",
                        "isStringMetric": false,
                        "resourceKindId": "resourceKind:id:0_::_",
                        "label": "CPU",
                        "orangeBound": 90,
                        "unit": "%",
                        "redBound": 95,
                        "id": "extModel37751-1",
                        "colorMethod": 0
                     },
                     {
                        "yellowBound": 85,
                        "metricUnitId": "percent",
                        "metricName": "Memory|Usage",
                        "metricKey": "mem|usage_average",
                        "handleOldColoring": false,
                        "link": "",
                        "resourceKindName": "Virtual Machine",
                        "isStringMetric": false,
                        "resourceKindId": "resourceKind:id:0_::_",
                        "label": "Memory",
                        "orangeBound": 90,
                        "unit": "%",
                        "redBound": 95,
                        "id": "extModel37751-2",
                        "colorMethod": 0
                     },
                     {
                        "yellowBound": null,
                        "metricUnitId": "msec",
                        "metricName": "Storage|Read Latency",
                        "metricKey": "storage|totalReadLatency_average",
                        "handleOldColoring": false,
                        "link": "",
                        "resourceKindName": "Virtual Machine",
                        "isStringMetric": false,
                        "resourceKindId": "resourceKind:id:0_::_",
                        "label": "Read Latency",
                        "orangeBound": null,
                        "unit": "ms",
                        "redBound": null,
                        "id": "extModel41173-1",
                        "colorMethod": 1
                     },
                     {
                        "yellowBound": null,
                        "metricUnitId": "msec",
                        "metricName": "Storage|Write Latency",
                        "metricKey": "storage|totalWriteLatency_average",
                        "handleOldColoring": false,
                        "link": "",
                        "resourceKindName": "Virtual Machine",
                        "isStringMetric": false,
                        "resourceKindId": "resourceKind:id:0_::_",
                        "label": "Write Latency",
                        "orangeBound": null,
                        "unit": "ms",
                        "redBound": null,
                        "id": "extModel41173-4",
                        "colorMethod": 1
                     }
                  ],
                  "subMode": "resourceKindAll"
               },
               "showSparkline": {"showSparkline": true},
               "boxColumns": 6,
               "periodLength": null
            },
            "height": 153
         },
         {
            "collapsed": false,
            "id": "9b7dc536-95f2-4902-a3ca-8ccaad7757a5",
            "gridsterCoords": {
               "w": 4,
               "x": 9,
               "h": 4,
               "y": 6
            },
            "type": "HealthChart",
            "title": "Aria Appliance | Memory | Selected VM",
            "config": {
               "yellowBound": 85,
               "metricName": "Memory|Usage (%)",
               "metricKey": "mem|usage_average",
               "relationshipMode": {"relationshipMode": 0},
               "sortByDir": {"orderByDir": "asc"},
               "title": "Aria Appliance | Memory | Selected VM",
               "showResourceName": {"showResourceName": true},
               "chartHeight": 135,
               "metricUnit": {
                  "metricUnitId": -1,
                  "metricUnitName": "Default Unit"
               },
               "mode": "all",
               "metricType": {"metricType": "custom"},
               "filterMode": "tagPicker",
               "tagFilter": null,
               "paginationNumber": 15,
               "customFilter": {
                  "filter": [],
                  "excludedResources": null,
                  "includedResources": null
               },
               "selectFirstRow": {"selectFirstRow": false},
               "sortBy": "metricValue",
               "selfProvider": {"selfProvider": false},
               "refreshInterval": 300,
               "resource": [],
               "refreshContent": {"refreshContent": false},
               "resourceKindId": "resourceKind:id:0_::_",
               "orangeBound": 90,
               "metricFullName": "Memory|Usage (%)",
               "showMetricLabel": {"showMetricLabel": false},
               "depth": 1,
               "metricLabel": "",
               "redBound": 95
            },
            "height": 210,
            "states": [{
               "value": "s%3A%7B%22dateRange%22%3A%22dashboardTime%22%2C%22dateFrom%22%3Anull%2C%22dateTo%22%3Anull%2C%22timeFrom%22%3Anull%2C%22timeTo%22%3Anull%7D",
               "key": "permDateRange_HealthChart_widget_51a197b2-6d32-4b54-8aed-3c1dbfefc8fa_9b7dc536-95f2-4902-a3ca-8ccaad7757a5"
            }]
         },
         {
            "collapsed": false,
            "id": "9ded3a94-d69e-4a44-8cd5-a91476b8d9a0",
            "gridsterCoords": {
               "w": 2,
               "x": 3,
               "h": 6,
               "y": 1
            },
            "type": "View",
            "title": "Aria Appliances | Workload",
            "config": {
               "refreshInterval": 300,
               "resource": {
                  "resourceId": "resource:id:0_::_",
                  "traversalSpecId": "",
                  "resourceName": "DBH | Aria Appliances",
                  "resourceKindId": "002009ContainerManual Application",
                  "id": "Ext.vcops.chrome.model.Resource-48"
               },
               "traversalSpecId": null,
               "refreshContent": {"refreshContent": true},
               "isUpdatedView": true,
               "chartViewItems": [],
               "selectFirstRow": {"selectFirstRow": false},
               "selfProvider": {"selfProvider": true},
               "title": "Aria Appliances | Workload",
               "viewDefinitionId": "6d357587-bcdb-4a4c-930c-fe05fe0812f0"
            },
            "height": 324
         },
         {
            "collapsed": true,
            "id": "a6a8d8cf-82c3-4e83-a8ec-778a5b0c5d5f",
            "gridsterCoords": {
               "w": 4,
               "x": 9,
               "h": 1,
               "y": 1
            },
            "type": "TextDisplay",
            "title": "Dashboard Info",
            "config": {
               "locationUrl": "",
               "locationFile": "",
               "editorData": "<div style=\"\"><div style=\"\"><font color=\"#999999\" face=\"arial\"><span style=\"font-size: 14px; background-color: rgb(255, 255, 255);\"><div style=\"\"><b>\u200bDashboard Views:<\/b><\/div><div style=\"\">DBH | Aria Appliances<\/div><div style=\"\"><div>DBH | Aria Applainces | Health<\/div><div>DBH | Aria Applainces | Workload<\/div><div><div>DBH | Aria Applainces | Uptime<\/div><div style=\"\"><div style=\"\">DBH | Aria Applainces | Snapshot<\/div><div><br><\/div><\/div><\/div><\/div><div style=\"font-weight: bold;\">Custom Group:<\/div><div style=\"\">DBH | Aria Appliances<\/div><\/span><\/font><\/div><\/div>",
               "refreshInterval": 300,
               "titleLocalized": "Dashboard Info",
               "refreshContent": {"refreshContent": false},
               "title": "Dashboard Info",
               "viewModeHTML": true
            },
            "height": 324
         },
         {
            "collapsed": false,
            "id": "6a734410-4b49-41eb-9e98-b1a9d4c24dc7",
            "gridsterCoords": {
               "w": 2,
               "x": 5,
               "h": 6,
               "y": 1
            },
            "type": "View",
            "title": "Aria Appliances | Snap",
            "config": {
               "refreshInterval": 300,
               "resource": {
                  "resourceId": "resource:id:0_::_",
                  "traversalSpecId": "",
                  "resourceName": "DBH | Aria Appliances",
                  "resourceKindId": "002009ContainerManual Application",
                  "id": "Ext.vcops.chrome.model.Resource-1"
               },
               "traversalSpecId": null,
               "refreshContent": {"refreshContent": true},
               "isUpdatedView": true,
               "chartViewItems": [],
               "selectFirstRow": {"selectFirstRow": false},
               "selfProvider": {"selfProvider": true},
               "title": "Aria Appliances | Snap",
               "viewDefinitionId": "a90f0d15-32bd-456d-a84f-2f3f7f461659"
            },
            "height": 324,
            "states": [{
               "value": "b%3A0",
               "key": "perm_isDashboardTime_widget_51a197b2-6d32-4b54-8aed-3c1dbfefc8fa_6a734410-4b49-41eb-9e98-b1a9d4c24dc7"
            }]
         },
         {
            "collapsed": false,
            "id": "f5f73173-a681-481f-8aa1-6cad36ba462c",
            "gridsterCoords": {
               "w": 2,
               "x": 7,
               "h": 6,
               "y": 1
            },
            "type": "View",
            "title": "Aria Appliances | Uptime (days)",
            "config": {
               "refreshInterval": 300,
               "resource": {
                  "resourceId": "resource:id:0_::_",
                  "traversalSpecId": "",
                  "resourceName": "DBH | Aria Appliances",
                  "resourceKindId": "002009ContainerManual Application",
                  "id": "Ext.vcops.chrome.model.Resource-2"
               },
               "traversalSpecId": null,
               "refreshContent": {"refreshContent": true},
               "isUpdatedView": true,
               "chartViewItems": [],
               "selectFirstRow": {"selectFirstRow": false},
               "selfProvider": {"selfProvider": true},
               "title": "Aria Appliances | Uptime (days)",
               "viewDefinitionId": "6b605f11-41d7-4588-8f5f-7ba523fd423a"
            },
            "height": 324,
            "states": [{
               "value": "b%3A0",
               "key": "perm_isDashboardTime_widget_51a197b2-6d32-4b54-8aed-3c1dbfefc8fa_f5f73173-a681-481f-8aa1-6cad36ba462c"
            }]
         }
      ],
      "userId": "287ed085-c6ca-4255-b69c-956f1665ed51",
      "states": [{
         "value": "o%3AdateRange%3Ds%253Alast24Hour%5EdateRangeText%3Ds%253A24H",
         "key": "permDashboardTime_dashboard_51a197b2-6d32-4b54-8aed-3c1dbfefc8fa"
      }],
      "homeTab": false,
      "name": "DBH | Aria Appliances Observability",
      "gridsterMaxColumns": 12,
      "rank": 0,
      "disabled": false,
      "id": "51a197b2-6d32-4b54-8aed-3c1dbfefc8fa",
      "locked": false,
      "dashboardNavigations": {},
      "widgetInteractions": [
         {
            "widgetIdProvider": "627b6fee-88c5-4be2-b1bf-fc29dfb6fb14",
            "type": "resourceId",
            "widgetIdReceiver": "7d95fe19-a809-4d75-a444-de4754d87bd5"
         },
         {
            "widgetIdProvider": "627b6fee-88c5-4be2-b1bf-fc29dfb6fb14",
            "type": "resourceId",
            "widgetIdReceiver": "b8342c61-a4c6-4334-8ff4-d835cb951e31"
         },
         {
            "widgetIdProvider": "627b6fee-88c5-4be2-b1bf-fc29dfb6fb14",
            "type": "resourceId",
            "widgetIdReceiver": "5abb15c3-ee75-4165-928f-4a58c2aefdf2"
         },
         {
            "widgetIdProvider": "627b6fee-88c5-4be2-b1bf-fc29dfb6fb14",
            "type": "resourceId",
            "widgetIdReceiver": "9b7dc536-95f2-4902-a3ca-8ccaad7757a5"
         }
      ],
      "lastUpdateTime": 1717500231209
   }],
   "uuid": "cf4d993e-c85d-485c-b321-6626986125b9"
}