<?xml version="1.0" encoding="UTF-8" standalone="yes"?>
<Content>
        
    <Views>
                
        <ViewDef id="d4cc2808-8d3d-41d4-95fa-b22e3aadaa7c">
                        
            <Title>DBH | VCF Security Advisories</Title>
                        
            <Description/>
                        
            <SubjectType adapterKind="mpb_broadcom_security_advisories" resourceKind="mpb_broadcom_security_advisories_vcf" type="descendant"/>
                        
            <SubjectType adapterKind="mpb_broadcom_security_advisories" resourceKind="mpb_broadcom_security_advisories_vcf" type="self"/>
                        
            <Usage>dashboard</Usage>
                        
            <Usage>report</Usage>
                        
            <Usage>details</Usage>
                        
            <Usage>content</Usage>
                        
            <Controls>
                                
                <Control id="time-interval-selector_id_213" type="time-interval-selector" visible="false">
                                        
                    <Property name="advancedTimeMode" value="false"/>
                                        
                    <Property name="unit" value="DAYS"/>
                                        
                    <Property name="count" value="7"/>
                                    
                </Control>
                                
                <Control id="attributes-selector_id_214" type="attributes-selector" visible="false">
                                        
                    <Property name="attributeInfos">
                                                
                        <List>
                                                        
                            <Item>
                                
                                <Value>
                                        
                                    <Property name="objectType" value="RESOURCE"/>
                                        
                                    <Property name="attributeKey" value="severity"/>
                                        
                                    <Property name="isStringAttribute" value="true"/>
                                        
                                    <Property name="adapterKind" value="mpb_broadcom_security_advisories"/>
                                        
                                    <Property name="resourceKind" value="mpb_broadcom_security_advisories_vcf"/>
                                        
                                    <Property name="rollUpCount" value="0"/>
                                        
                                    <Property name="transformations">
                                                
                                        <List>
                                                        
                                            <Item value="CURRENT"/>
                                                    
                                        </List>
                                            
                                    </Property>
                                        
                                    <Property name="isProperty" value="true"/>
                                        
                                    <Property name="yellowBound" value="Medium"/>
                                        
                                    <Property name="orangeBound" value="HIGH"/>
                                        
                                    <Property name="redBound" value="Critical"/>
                                        
                                    <Property name="ascendingRange" value="true"/>
                                        
                                    <Property name="addTimestampAsColumn" value="false"/>
                                        
                                    <Property name="isShowRelativeTimestamp" value="false"/>
                                    
                                </Value>
                                                            
                            </Item>
                                                        
                            <Item>
                                
                                <Value>
                                        
                                    <Property name="objectType" value="RESOURCE"/>
                                        
                                    <Property name="attributeKey" value="Status"/>
                                        
                                    <Property name="isStringAttribute" value="true"/>
                                        
                                    <Property name="adapterKind" value="mpb_broadcom_security_advisories"/>
                                        
                                    <Property name="resourceKind" value="mpb_broadcom_security_advisories_vcf"/>
                                        
                                    <Property name="rollUpCount" value="0"/>
                                        
                                    <Property name="transformations">
                                                
                                        <List>
                                                        
                                            <Item value="CURRENT"/>
                                                    
                                        </List>
                                            
                                    </Property>
                                        
                                    <Property name="isProperty" value="true"/>
                                        
                                    <Property name="redBound" value="OPEN"/>
                                        
                                    <Property name="ascendingRange" value="true"/>
                                        
                                    <Property name="addTimestampAsColumn" value="false"/>
                                        
                                    <Property name="isShowRelativeTimestamp" value="false"/>
                                    
                                </Value>
                                                            
                            </Item>
                                                        
                            <Item>
                                
                                <Value>
                                        
                                    <Property name="objectType" value="RESOURCE"/>
                                        
                                    <Property name="attributeKey" value="support_products"/>
                                        
                                    <Property name="isStringAttribute" value="true"/>
                                        
                                    <Property name="adapterKind" value="mpb_broadcom_security_advisories"/>
                                        
                                    <Property name="resourceKind" value="mpb_broadcom_security_advisories_vcf"/>
                                        
                                    <Property name="rollUpCount" value="0"/>
                                        
                                    <Property name="transformations">
                                                
                                        <List>
                                                        
                                            <Item value="CURRENT"/>
                                                    
                                        </List>
                                            
                                    </Property>
                                        
                                    <Property name="isProperty" value="true"/>
                                        
                                    <Property name="addTimestampAsColumn" value="false"/>
                                        
                                    <Property name="isShowRelativeTimestamp" value="false"/>
                                    
                                </Value>
                                                            
                            </Item>
                                                        
                            <Item>
                                
                                <Value>
                                        
                                    <Property name="objectType" value="RESOURCE"/>
                                        
                                    <Property name="attributeKey" value="updated"/>
                                        
                                    <Property name="isStringAttribute" value="true"/>
                                        
                                    <Property name="adapterKind" value="mpb_broadcom_security_advisories"/>
                                        
                                    <Property name="resourceKind" value="mpb_broadcom_security_advisories_vcf"/>
                                        
                                    <Property name="rollUpCount" value="0"/>
                                        
                                    <Property name="transformations">
                                                
                                        <List>
                                                        
                                            <Item value="CURRENT"/>
                                                    
                                        </List>
                                            
                                    </Property>
                                        
                                    <Property name="sortCriteria" value="false"/>
                                        
                                    <Property name="isProperty" value="true"/>
                                        
                                    <Property name="addTimestampAsColumn" value="false"/>
                                        
                                    <Property name="isShowRelativeTimestamp" value="false"/>
                                    
                                </Value>
                                                            
                            </Item>
                                                        
                            <Item>
                                
                                <Value>
                                        
                                    <Property name="objectType" value="RESOURCE"/>
                                        
                                    <Property name="attributeKey" value="published"/>
                                        
                                    <Property name="isStringAttribute" value="true"/>
                                        
                                    <Property name="adapterKind" value="mpb_broadcom_security_advisories"/>
                                        
                                    <Property name="resourceKind" value="mpb_broadcom_security_advisories_vcf"/>
                                        
                                    <Property name="rollUpCount" value="0"/>
                                        
                                    <Property name="transformations">
                                                
                                        <List>
                                                        
                                            <Item value="CURRENT"/>
                                                    
                                        </List>
                                            
                                    </Property>
                                        
                                    <Property name="isProperty" value="true"/>
                                        
                                    <Property name="addTimestampAsColumn" value="false"/>
                                        
                                    <Property name="isShowRelativeTimestamp" value="false"/>
                                    
                                </Value>
                                                            
                            </Item>
                                                        
                            <Item>
                                
                                <Value>
                                        
                                    <Property name="objectType" value="RESOURCE"/>
                                        
                                    <Property name="attributeKey" value="work_around"/>
                                        
                                    <Property name="isStringAttribute" value="true"/>
                                        
                                    <Property name="adapterKind" value="mpb_broadcom_security_advisories"/>
                                        
                                    <Property name="resourceKind" value="mpb_broadcom_security_advisories_vcf"/>
                                        
                                    <Property name="rollUpCount" value="0"/>
                                        
                                    <Property name="transformations">
                                                
                                        <List>
                                                        
                                            <Item value="CURRENT"/>
                                                    
                                        </List>
                                            
                                    </Property>
                                        
                                    <Property name="isProperty" value="true"/>
                                        
                                    <Property name="addTimestampAsColumn" value="false"/>
                                        
                                    <Property name="isShowRelativeTimestamp" value="false"/>
                                    
                                </Value>
                                                            
                            </Item>
                                                    
                        </List>
                                            
                    </Property>
                                    
                </Control>
                                
                <Control id="pagination-control_id_215" type="pagination-control" visible="true">
                                        
                    <Property name="start" value="0"/>
                                        
                    <Property name="size" value="50"/>
                                    
                </Control>
                                
                <Control id="metadata_id_216" type="metadata" visible="false">
                                        
                    <Property name="maxPointsCount" value="5000"/>
                                        
                    <Property name="hideObjectNameColumn" value="false"/>
                                        
                    <Property name="listTopResultSize" value="-1"/>
                                    
                </Control>
                            
            </Controls>
                        
            <DataProviders>
                                
                <DataProvider dataType="list-view" id="list-view_id_212"/>
                            
            </DataProviders>
                        
            <Presentation type="list"/>
                    
        </ViewDef>
            
    </Views>
    
</Content>
