{
   "entries": {
      "resourceKind": [
         {
            "resourceKindKey": "HostSystem",
            "internalId": "resourceKind:id:1_::_",
            "adapterKindKey": "VMWARE"
         },
         {
            "resourceKindKey": "VirtualMachine",
            "internalId": "resourceKind:id:2_::_",
            "adapterKindKey": "VMWARE"
         },
         {
            "resourceKindKey": "vSphere World",
            "internalId": "resourceKind:id:0_::_",
            "adapterKindKey": "VMWARE"
         }
      ],
      "resource": [{
         "resourceKindKey": "vSphere World",
         "internalId": "resource:id:0_::_",
         "adapterKindKey": "VMWARE",
         "identifiers": [],
         "name": "vSphere World"
      }]
   },
   "dashboards": [{
      "shared": false,
      "temporary": false,
      "hidden": false,
      "creationTime": 1726280867071,
      "autoswitchEnabled": false,
      "importAttempts": 0,
      "columnProportion": "1-1",
      "importComplete": true,
      "description": "",
      "widgets": [
         {
            "collapsed": false,
            "id": "a7173a90-3b1d-44a0-87f2-dcb5fbb72b98",
            "gridsterCoords": {
               "w": 11,
               "x": 1,
               "h": 3,
               "y": 1
            },
            "type": "Scoreboard",
            "title": "Observed Environment Inventory",
            "config": {
               "maxCellCount": 100,
               "oldMetricValues": false,
               "relationshipMode": {"relationshipMode": 0},
               "valueSize": 24,
               "title": "Observed Environment Inventory",
               "boxHeight": null,
               "showResourceName": {"showResourceName": false},
               "roundDecimals": null,
               "mode": {"layoutMode": "fixedView"},
               "labelSize": 16,
               "customFilter": {
                  "filter": [],
                  "excludedResources": null,
                  "includedResources": null
               },
               "selfProvider": {"selfProvider": true},
               "resInteractionMode": null,
               "visualTheme": 6,
               "showMetricName": {"showMetricName": true},
               "refreshInterval": 300,
               "resource": [],
               "showDT": {"showDT": false},
               "refreshContent": {"refreshContent": true},
               "showMetricUnit": {"showMetricUnit": false},
               "depth": 1,
               "metric": {
                  "mode": "resourceKind",
                  "resourceMetrics": [],
                  "resourceKindMetrics": [
                     {
                        "yellowBound": null,
                        "metricUnitId": null,
                        "metricName": "Summary|Total Number of vCenter Server(s)",
                        "metricKey": "summary|total_number_vcenters",
                        "handleOldColoring": false,
                        "link": "",
                        "resourceKindName": "vSphere World",
                        "isStringMetric": false,
                        "resourceKindId": "resourceKind:id:0_::_",
                        "label": "vCenters",
                        "orangeBound": null,
                        "unit": "",
                        "redBound": null,
                        "id": "extModel18395-1",
                        "colorMethod": 2
                     },
                     {
                        "yellowBound": null,
                        "metricUnitId": null,
                        "metricName": "Summary|Total Number of Datacenters",
                        "metricKey": "summary|total_number_datacenters",
                        "handleOldColoring": false,
                        "link": "",
                        "resourceKindName": "vSphere World",
                        "isStringMetric": false,
                        "resourceKindId": "resourceKind:id:0_::_",
                        "label": "Datacenters",
                        "orangeBound": null,
                        "unit": "",
                        "redBound": null,
                        "id": "extModel18395-2",
                        "colorMethod": 2
                     },
                     {
                        "yellowBound": null,
                        "metricUnitId": null,
                        "metricName": "Summary|Total Number of Clusters",
                        "metricKey": "summary|total_number_clusters",
                        "handleOldColoring": false,
                        "link": "",
                        "resourceKindName": "vSphere World",
                        "isStringMetric": false,
                        "resourceKindId": "resourceKind:id:0_::_",
                        "label": "Clusters",
                        "orangeBound": null,
                        "unit": "",
                        "redBound": null,
                        "id": "extModel18395-3",
                        "colorMethod": 2
                     },
                     {
                        "yellowBound": null,
                        "metricUnitId": null,
                        "metricName": "Summary|Total Number of Hosts",
                        "metricKey": "summary|total_number_hosts",
                        "handleOldColoring": false,
                        "link": "",
                        "resourceKindName": "vSphere World",
                        "isStringMetric": false,
                        "resourceKindId": "resourceKind:id:0_::_",
                        "label": "ESXi Hosts",
                        "orangeBound": null,
                        "unit": "",
                        "redBound": null,
                        "id": "extModel18395-4",
                        "colorMethod": 2
                     },
                     {
                        "yellowBound": null,
                        "metricUnitId": null,
                        "metricName": "Summary|Total Number of VMs",
                        "metricKey": "summary|total_number_vms",
                        "handleOldColoring": false,
                        "link": "",
                        "resourceKindName": "vSphere World",
                        "isStringMetric": false,
                        "resourceKindId": "resourceKind:id:0_::_",
                        "label": "VMs",
                        "orangeBound": null,
                        "unit": "",
                        "redBound": null,
                        "id": "extModel18395-5",
                        "colorMethod": 2
                     },
                     {
                        "yellowBound": null,
                        "metricUnitId": null,
                        "metricName": "Summary|Number of Running VMs",
                        "metricKey": "summary|number_running_vms",
                        "handleOldColoring": false,
                        "link": "",
                        "resourceKindName": "vSphere World",
                        "isStringMetric": false,
                        "resourceKindId": "resourceKind:id:0_::_",
                        "label": "Running VMs",
                        "orangeBound": null,
                        "unit": "",
                        "redBound": null,
                        "id": "extModel21923-2",
                        "colorMethod": 2
                     },
                     {
                        "yellowBound": null,
                        "metricUnitId": null,
                        "metricName": "Summary|Number of Powered Off VMs",
                        "metricKey": "summary|number_poweredOff_vms",
                        "handleOldColoring": false,
                        "link": "",
                        "resourceKindName": "vSphere World",
                        "isStringMetric": false,
                        "resourceKindId": "resourceKind:id:0_::_",
                        "label": "Powered Off VMs",
                        "orangeBound": null,
                        "unit": "",
                        "redBound": null,
                        "id": "extModel21923-4",
                        "colorMethod": 2
                     }
                  ],
                  "subMode": "resourceKindAll"
               },
               "showSparkline": {"showSparkline": false},
               "boxColumns": 7,
               "periodLength": null
            },
            "height": 153,
            "states": [{
               "value": "b%3A0",
               "key": "perm_toolbarVisible_widget_21fdb021-accd-483d-bca6-1e6225f15b35_a7173a90-3b1d-44a0-87f2-dcb5fbb72b98"
            }]
         },
         {
            "collapsed": false,
            "id": "4a83bb71-b387-44a6-99da-69a120dc1d22",
            "gridsterCoords": {
               "w": 2,
               "x": 7,
               "h": 12,
               "y": 25
            },
            "type": "ParetoAnalysis",
            "title": "ESXi Hosts | Density",
            "config": {
               "yellowBound": 40,
               "regenerationTime": 15,
               "barsCount": 15,
               "metricName": "# of VMs",
               "relationshipMode": {"relationshipMode": [
                  -1,
                  0
               ]},
               "title": "ESXi Hosts | Density",
               "additionalColumns": [],
               "roundDecimals": 0,
               "metricUnit": {
                  "metricUnitId": -1,
                  "metricUnitName": "Auto"
               },
               "mode": "all",
               "resourceKind": [{"id": "resourceKind:id:1_::_"}],
               "filterMode": "tagPicker",
               "tagFilter": null,
               "customFilter": {
                  "filter": [],
                  "excludedResources": null,
                  "includedResources": null
               },
               "selfProvider": {"selfProvider": false},
               "filterOldMetrics": {"filterOldMetrics": false},
               "percentileValue": null,
               "topOption": "metricsHighestUtilization",
               "refreshInterval": 300,
               "resource": [],
               "refreshContent": {"refreshContent": true},
               "orangeBound": 50,
               "depth": 10,
               "metric": {
                  "metricKey": "summary|total_number_vms",
                  "name": "Summary|Total Number of VMs"
               },
               "redBound": 60
            },
            "height": 666
         },
         {
            "collapsed": false,
            "id": "53b6d41f-73a9-4d29-86ef-76ac82a7d074",
            "gridsterCoords": {
               "w": 3,
               "x": 1,
               "h": 17,
               "y": 4
            },
            "type": "View",
            "title": "vCenter VMs | select to show volumes/performance",
            "config": {
               "refreshInterval": 300,
               "resource": {
                  "resourceId": "resource:id:0_::_",
                  "traversalSpecId": "",
                  "resourceName": "vSphere World",
                  "resourceKindId": "002006VMWAREvSphere World",
                  "id": "Ext.vcops.chrome.model.Resource-1"
               },
               "traversalSpecId": null,
               "refreshContent": {"refreshContent": true},
               "isUpdatedView": true,
               "chartViewItems": [],
               "selectFirstRow": {"selectFirstRow": true},
               "selfProvider": {"selfProvider": true},
               "title": "vCenter VMs | select to show volumes/performance",
               "viewDefinitionId": "2628b512-f56d-443e-b0c6-675a5bb94b86"
            },
            "height": 951,
            "states": [
               {
                  "value": "o%3Acolumns%3Da%253Ao%25253Aid%25253Ds%2525253ApermTableView_widget_21fdb021-accd-483d-bca6-1e6225f15b35_53b6d41f-73a9-4d29-86ef-76ac82a7d074-column-0%25255Ehidden%25253Db%2525253A0%255Eo%25253Aid%25253Ds%2525253ApermTableView_widget_21fdb021-accd-483d-bca6-1e6225f15b35_53b6d41f-73a9-4d29-86ef-76ac82a7d074-column-badge%2525257Chealth1%25255Ehidden%25253Db%2525253A0%255Eo%25253Aid%25253Ds%2525253ApermTableView_widget_21fdb021-accd-483d-bca6-1e6225f15b35_53b6d41f-73a9-4d29-86ef-76ac82a7d074-column-badge%2525257Cworkload2%25255Ehidden%25253Db%2525253A0",
                  "key": "permTableView_widget_21fdb021-accd-483d-bca6-1e6225f15b35_53b6d41f-73a9-4d29-86ef-76ac82a7d074"
               },
               {
                  "value": "s%3A%7B%22minType%22%3A%22.TimeIntervalControl%22%2C%22advancedTimeMode%22%3Afalse%2C%22fromTime%22%3Anull%2C%22unit%22%3A%22DAYS%22%2C%22count%22%3A7%2C%22priorUnit%22%3Anull%2C%22priorCount%22%3Anull%2C%22startSubUnit%22%3Anull%2C%22startPeriod%22%3Anull%2C%22toTime%22%3Anull%2C%22endUnit%22%3Anull%2C%22endCount%22%3Anull%2C%22endSubUnit%22%3Anull%2C%22endPeriod%22%3Anull%2C%22isRealTimeData%22%3Anull%2C%22mondayHours%22%3A%5B%5D%2C%22tuesdayHours%22%3A%5B%5D%2C%22wednesdayHours%22%3A%5B%5D%2C%22thursdayHours%22%3A%5B%5D%2C%22fridayHours%22%3A%5B%5D%2C%22saturdayHours%22%3A%5B%5D%2C%22sundayHours%22%3A%5B%5D%7D",
                  "key": "permSelectedDate_widget_21fdb021-accd-483d-bca6-1e6225f15b35_53b6d41f-73a9-4d29-86ef-76ac82a7d074"
               },
               {
                  "value": "b%3A0",
                  "key": "perm_isDashboardTime_widget_21fdb021-accd-483d-bca6-1e6225f15b35_53b6d41f-73a9-4d29-86ef-76ac82a7d074"
               }
            ]
         },
         {
            "collapsed": false,
            "id": "22407f67-5342-4005-a4c3-9c4596f336fd",
            "gridsterCoords": {
               "w": 8,
               "x": 4,
               "h": 7,
               "y": 4
            },
            "type": "Scoreboard",
            "title": "vCenter | VM Volumes",
            "config": {
               "maxCellCount": 100,
               "oldMetricValues": true,
               "relationshipMode": {"relationshipMode": 0},
               "valueSize": 24,
               "title": "vCenter | VM Volumes",
               "boxHeight": null,
               "showResourceName": {"showResourceName": false},
               "roundDecimals": 1,
               "mode": {"layoutMode": "fixedView"},
               "labelSize": 16,
               "customFilter": {
                  "filter": [],
                  "excludedResources": null,
                  "includedResources": null
               },
               "selfProvider": {"selfProvider": false},
               "resInteractionMode": null,
               "visualTheme": 6,
               "showMetricName": {"showMetricName": true},
               "refreshInterval": 300,
               "resource": [],
               "showDT": {"showDT": false},
               "refreshContent": {"refreshContent": true},
               "showMetricUnit": {"showMetricUnit": true},
               "depth": 3,
               "metric": {
                  "mode": "resourceKind",
                  "resourceMetrics": [],
                  "resourceKindMetrics": [
                     {
                        "yellowBound": 80,
                        "metricUnitId": "percent",
                        "metricName": "Guest File System:/|Partition Utilization",
                        "metricKey": "guestfilesystem:/|percentage",
                        "handleOldColoring": false,
                        "link": "",
                        "resourceKindName": "Virtual Machine",
                        "isStringMetric": false,
                        "resourceKindId": "resourceKind:id:2_::_",
                        "label": "/",
                        "orangeBound": 85,
                        "unit": "%",
                        "redBound": 90,
                        "id": "extModel46679-1",
                        "colorMethod": 0
                     },
                     {
                        "yellowBound": 80,
                        "metricUnitId": "percent",
                        "metricName": "Guest File System:/boot|Partition Utilization",
                        "metricKey": "guestfilesystem:/boot|percentage",
                        "handleOldColoring": false,
                        "link": "",
                        "resourceKindName": "Virtual Machine",
                        "isStringMetric": false,
                        "resourceKindId": "resourceKind:id:2_::_",
                        "label": "boot",
                        "orangeBound": 85,
                        "unit": "%",
                        "redBound": 90,
                        "id": "extModel46679-2",
                        "colorMethod": 0
                     },
                     {
                        "yellowBound": 80,
                        "metricUnitId": "percent",
                        "metricName": "Guest File System:/boot/efi|Partition Utilization",
                        "metricKey": "guestfilesystem:/boot/efi|percentage",
                        "handleOldColoring": false,
                        "link": "",
                        "resourceKindName": "Virtual Machine",
                        "isStringMetric": false,
                        "resourceKindId": "resourceKind:id:2_::_",
                        "label": "efi",
                        "orangeBound": 85,
                        "unit": "%",
                        "redBound": 90,
                        "id": "extModel46679-3",
                        "colorMethod": 0
                     },
                     {
                        "yellowBound": 80,
                        "metricUnitId": "percent",
                        "metricName": "Guest File System:/storage/archive|Partition Utilization",
                        "metricKey": "guestfilesystem:/storage/archive|percentage",
                        "handleOldColoring": false,
                        "link": "",
                        "resourceKindName": "Virtual Machine",
                        "isStringMetric": false,
                        "resourceKindId": "resourceKind:id:2_::_",
                        "label": "archive",
                        "orangeBound": 85,
                        "unit": "%",
                        "redBound": 90,
                        "id": "extModel46679-4",
                        "colorMethod": 0
                     },
                     {
                        "yellowBound": 80,
                        "metricUnitId": "percent",
                        "metricName": "Guest File System:/storage/autodeploy|Partition Utilization",
                        "metricKey": "guestfilesystem:/storage/autodeploy|percentage",
                        "handleOldColoring": false,
                        "link": "",
                        "resourceKindName": "Virtual Machine",
                        "isStringMetric": false,
                        "resourceKindId": "resourceKind:id:2_::_",
                        "label": "autodeploy",
                        "orangeBound": 85,
                        "unit": "%",
                        "redBound": 90,
                        "id": "extModel46679-5",
                        "colorMethod": 0
                     },
                     {
                        "yellowBound": 80,
                        "metricUnitId": "percent",
                        "metricName": "Guest File System:/storage/core|Partition Utilization",
                        "metricKey": "guestfilesystem:/storage/core|percentage",
                        "handleOldColoring": false,
                        "link": "",
                        "resourceKindName": "Virtual Machine",
                        "isStringMetric": false,
                        "resourceKindId": "resourceKind:id:2_::_",
                        "label": "core",
                        "orangeBound": 85,
                        "unit": "%",
                        "redBound": 90,
                        "id": "extModel46679-6",
                        "colorMethod": 0
                     },
                     {
                        "yellowBound": 80,
                        "metricUnitId": "percent",
                        "metricName": "Guest File System:/storage/db|Partition Utilization",
                        "metricKey": "guestfilesystem:/storage/db|percentage",
                        "handleOldColoring": false,
                        "link": "",
                        "resourceKindName": "Virtual Machine",
                        "isStringMetric": false,
                        "resourceKindId": "resourceKind:id:2_::_",
                        "label": "db",
                        "orangeBound": 85,
                        "unit": "%",
                        "redBound": 90,
                        "id": "extModel46679-7",
                        "colorMethod": 0
                     },
                     {
                        "yellowBound": 80,
                        "metricUnitId": "percent",
                        "metricName": "Guest File System:/storage/dblog|Partition Utilization",
                        "metricKey": "guestfilesystem:/storage/dblog|percentage",
                        "handleOldColoring": false,
                        "link": "",
                        "resourceKindName": "Virtual Machine",
                        "isStringMetric": false,
                        "resourceKindId": "resourceKind:id:2_::_",
                        "label": "dblog",
                        "orangeBound": 85,
                        "unit": "%",
                        "redBound": 90,
                        "id": "extModel46679-8",
                        "colorMethod": 0
                     },
                     {
                        "yellowBound": 80,
                        "metricUnitId": "percent",
                        "metricName": "Guest File System:/storage/imagebuilder|Partition Utilization",
                        "metricKey": "guestfilesystem:/storage/imagebuilder|percentage",
                        "handleOldColoring": false,
                        "link": "",
                        "resourceKindName": "Virtual Machine",
                        "isStringMetric": false,
                        "resourceKindId": "resourceKind:id:2_::_",
                        "label": "imagebuilder",
                        "orangeBound": 85,
                        "unit": "%",
                        "redBound": 90,
                        "id": "extModel46679-9",
                        "colorMethod": 0
                     },
                     {
                        "yellowBound": 80,
                        "metricUnitId": "percent",
                        "metricName": "Guest File System:/storage/lifecycle|Partition Utilization",
                        "metricKey": "guestfilesystem:/storage/lifecycle|percentage",
                        "handleOldColoring": false,
                        "link": "",
                        "resourceKindName": "Virtual Machine",
                        "isStringMetric": false,
                        "resourceKindId": "resourceKind:id:2_::_",
                        "label": "lifecycle",
                        "orangeBound": 85,
                        "unit": "%",
                        "redBound": 90,
                        "id": "extModel46679-10",
                        "colorMethod": 0
                     },
                     {
                        "yellowBound": 80,
                        "metricUnitId": "percent",
                        "metricName": "Guest File System:/storage/log|Partition Utilization",
                        "metricKey": "guestfilesystem:/storage/log|percentage",
                        "handleOldColoring": false,
                        "link": "",
                        "resourceKindName": "Virtual Machine",
                        "isStringMetric": false,
                        "resourceKindId": "resourceKind:id:2_::_",
                        "label": "log",
                        "orangeBound": 85,
                        "unit": "%",
                        "redBound": 90,
                        "id": "extModel46679-11",
                        "colorMethod": 0
                     },
                     {
                        "yellowBound": 80,
                        "metricUnitId": "percent",
                        "metricName": "Guest File System:/storage/lvm_snapshot|Partition Utilization",
                        "metricKey": "guestfilesystem:/storage/lvm_snapshot|percentage",
                        "handleOldColoring": false,
                        "link": "",
                        "resourceKindName": "Virtual Machine",
                        "isStringMetric": false,
                        "resourceKindId": "resourceKind:id:2_::_",
                        "label": "vm_snapshot",
                        "orangeBound": 85,
                        "unit": "%",
                        "redBound": 90,
                        "id": "extModel46679-12",
                        "colorMethod": 0
                     },
                     {
                        "yellowBound": 80,
                        "metricUnitId": "percent",
                        "metricName": "Guest File System:/storage/netdump|Partition Utilization",
                        "metricKey": "guestfilesystem:/storage/netdump|percentage",
                        "handleOldColoring": false,
                        "link": "",
                        "resourceKindName": "Virtual Machine",
                        "isStringMetric": false,
                        "resourceKindId": "resourceKind:id:2_::_",
                        "label": "netdump",
                        "orangeBound": 85,
                        "unit": "%",
                        "redBound": 90,
                        "id": "extModel46679-13",
                        "colorMethod": 0
                     },
                     {
                        "yellowBound": 80,
                        "metricUnitId": "percent",
                        "metricName": "Guest File System:/storage/seat|Partition Utilization",
                        "metricKey": "guestfilesystem:/storage/seat|percentage",
                        "handleOldColoring": false,
                        "link": "",
                        "resourceKindName": "Virtual Machine",
                        "isStringMetric": false,
                        "resourceKindId": "resourceKind:id:2_::_",
                        "label": "seat",
                        "orangeBound": 85,
                        "unit": "%",
                        "redBound": 90,
                        "id": "extModel46679-14",
                        "colorMethod": 0
                     },
                     {
                        "yellowBound": 80,
                        "metricUnitId": "percent",
                        "metricName": "Guest File System:/storage/updatemgr|Partition Utilization",
                        "metricKey": "guestfilesystem:/storage/updatemgr|percentage",
                        "handleOldColoring": false,
                        "link": "",
                        "resourceKindName": "Virtual Machine",
                        "isStringMetric": false,
                        "resourceKindId": "resourceKind:id:2_::_",
                        "label": "updatemgr",
                        "orangeBound": 85,
                        "unit": "%",
                        "redBound": 90,
                        "id": "extModel46679-15",
                        "colorMethod": 0
                     },
                     {
                        "yellowBound": 80,
                        "metricUnitId": "percent",
                        "metricName": "Guest File System:/storage/vtsdb|Partition Utilization",
                        "metricKey": "guestfilesystem:/storage/vtsdb|percentage",
                        "handleOldColoring": false,
                        "link": "",
                        "resourceKindName": "Virtual Machine",
                        "isStringMetric": false,
                        "resourceKindId": "resourceKind:id:2_::_",
                        "label": "vtsdb",
                        "orangeBound": 85,
                        "unit": "%",
                        "redBound": 90,
                        "id": "extModel46679-16",
                        "colorMethod": 0
                     },
                     {
                        "yellowBound": 80,
                        "metricUnitId": "percent",
                        "metricName": "Guest File System:/storage/vtsdblog|Partition Utilization",
                        "metricKey": "guestfilesystem:/storage/vtsdblog|percentage",
                        "handleOldColoring": false,
                        "link": "",
                        "resourceKindName": "Virtual Machine",
                        "isStringMetric": false,
                        "resourceKindId": "resourceKind:id:2_::_",
                        "label": "vtsdblog",
                        "orangeBound": 85,
                        "unit": "%",
                        "redBound": 90,
                        "id": "extModel46679-17",
                        "colorMethod": 0
                     }
                  ],
                  "subMode": "resourceKindAll"
               },
               "showSparkline": {"showSparkline": true},
               "boxColumns": 4,
               "periodLength": null
            },
            "height": 381
         },
         {
            "collapsed": false,
            "id": "eb6edf30-b2ad-475d-9112-f1e864b77949",
            "gridsterCoords": {
               "w": 11,
               "x": 1,
               "h": 4,
               "y": 21
            },
            "type": "View",
            "title": "vCenter Details | Select to show ESXi Hosts info",
            "config": {
               "refreshInterval": 300,
               "resource": {
                  "resourceId": "resource:id:0_::_",
                  "traversalSpecId": "",
                  "resourceName": "vSphere World",
                  "resourceKindId": "002006VMWAREvSphere World",
                  "id": "Ext.vcops.chrome.model.Resource-2"
               },
               "traversalSpecId": null,
               "refreshContent": {"refreshContent": true},
               "isUpdatedView": true,
               "chartViewItems": [],
               "selectFirstRow": {"selectFirstRow": true},
               "selfProvider": {"selfProvider": true},
               "title": "vCenter Details | Select to show ESXi Hosts info",
               "viewDefinitionId": "2df88056-0215-4906-88b9-d9cbf6293e8b"
            },
            "height": 210,
            "states": [
               {
                  "value": "o%3Acolumns%3Da%253Ao%25253Aid%25253Ds%2525253ApermTableView_widget_21fdb021-accd-483d-bca6-1e6225f15b35_eb6edf30-b2ad-475d-9112-f1e864b77949-column-0%25255Ehidden%25253Db%2525253A0%255Eo%25253Aid%25253Ds%2525253ApermTableView_widget_21fdb021-accd-483d-bca6-1e6225f15b35_eb6edf30-b2ad-475d-9112-f1e864b77949-column-badge%2525257Chealth1%25255Ehidden%25253Db%2525253A0%255Eo%25253Aid%25253Ds%2525253ApermTableView_widget_21fdb021-accd-483d-bca6-1e6225f15b35_eb6edf30-b2ad-475d-9112-f1e864b77949-column-badge%2525257Cworkload2%25255Ehidden%25253Db%2525253A0%255Eo%25253Aid%25253Ds%2525253ApermTableView_widget_21fdb021-accd-483d-bca6-1e6225f15b35_eb6edf30-b2ad-475d-9112-f1e864b77949-column-summary%2525257Cversion3%25255Ehidden%25253Db%2525253A0%255Eo%25253Aid%25253Ds%2525253ApermTableView_widget_21fdb021-accd-483d-bca6-1e6225f15b35_eb6edf30-b2ad-475d-9112-f1e864b77949-column-summary%2525257Ctotal_number_clusters4%25255Ehidden%25253Db%2525253A0%255Eo%25253Aid%25253Ds%2525253ApermTableView_widget_21fdb021-accd-483d-bca6-1e6225f15b35_eb6edf30-b2ad-475d-9112-f1e864b77949-column-summary%2525257Ctotal_number_hosts5%25255Ehidden%25253Db%2525253A0%255Eo%25253Aid%25253Ds%2525253ApermTableView_widget_21fdb021-accd-483d-bca6-1e6225f15b35_eb6edf30-b2ad-475d-9112-f1e864b77949-column-summary%2525257Ctotal_number_vms6%25255Ehidden%25253Db%2525253A0%255Eo%25253Aid%25253Ds%2525253ApermTableView_widget_21fdb021-accd-483d-bca6-1e6225f15b35_eb6edf30-b2ad-475d-9112-f1e864b77949-column-summary%2525257Cnumber_running_vms7%25255Ehidden%25253Db%2525253A0%255Eo%25253Aid%25253Ds%2525253ApermTableView_widget_21fdb021-accd-483d-bca6-1e6225f15b35_eb6edf30-b2ad-475d-9112-f1e864b77949-column-summary%2525257Cnumber_poweredOff_vms8%25255Ehidden%25253Db%2525253A0%255Eo%25253Aid%25253Ds%2525253ApermTableView_widget_21fdb021-accd-483d-bca6-1e6225f15b35_eb6edf30-b2ad-475d-9112-f1e864b77949-column-summary%2525257Cavg_vm_density9%25255Ehidden%25253Db%2525253A0",
                  "key": "permTableView_widget_21fdb021-accd-483d-bca6-1e6225f15b35_eb6edf30-b2ad-475d-9112-f1e864b77949"
               },
               {
                  "value": "b%3A0",
                  "key": "perm_isDashboardTime_widget_21fdb021-accd-483d-bca6-1e6225f15b35_eb6edf30-b2ad-475d-9112-f1e864b77949"
               }
            ]
         },
         {
            "collapsed": false,
            "id": "74790d33-a3e5-48dc-8fcc-049cfff4130a",
            "gridsterCoords": {
               "w": 2,
               "x": 1,
               "h": 12,
               "y": 25
            },
            "type": "ParetoAnalysis",
            "title": "ESXi Hosts | CPU",
            "config": {
               "yellowBound": 85,
               "regenerationTime": 15,
               "barsCount": 15,
               "metricName": "CPU",
               "relationshipMode": {"relationshipMode": [
                  -1,
                  0
               ]},
               "title": "ESXi Hosts | CPU",
               "additionalColumns": [],
               "roundDecimals": 0,
               "metricUnit": {
                  "metricUnitId": "percent",
                  "metricUnitName": "%"
               },
               "mode": "all",
               "resourceKind": [{"id": "resourceKind:id:1_::_"}],
               "filterMode": "tagPicker",
               "tagFilter": null,
               "customFilter": {
                  "filter": [],
                  "excludedResources": null,
                  "includedResources": null
               },
               "selfProvider": {"selfProvider": false},
               "filterOldMetrics": {"filterOldMetrics": false},
               "percentileValue": null,
               "topOption": "metricsHighestUtilization",
               "refreshInterval": 300,
               "resource": [],
               "maxValue": 100,
               "refreshContent": {"refreshContent": true},
               "orangeBound": 90,
               "depth": 10,
               "metric": {
                  "metricKey": "cpu|usage_average",
                  "name": "CPU|Usage (%)"
               },
               "redBound": 95
            },
            "height": 666
         },
         {
            "collapsed": false,
            "id": "32596005-adb0-4b54-8340-94bbf10ba69c",
            "gridsterCoords": {
               "w": 2,
               "x": 3,
               "h": 12,
               "y": 25
            },
            "type": "ParetoAnalysis",
            "title": "ESXi Hosts | Memory",
            "config": {
               "yellowBound": 85,
               "regenerationTime": 15,
               "barsCount": 15,
               "metricName": "Memory",
               "relationshipMode": {"relationshipMode": [
                  -1,
                  0
               ]},
               "title": "ESXi Hosts | Memory",
               "additionalColumns": [],
               "roundDecimals": 0,
               "metricUnit": {
                  "metricUnitId": "percent",
                  "metricUnitName": "%"
               },
               "mode": "all",
               "resourceKind": [{"id": "resourceKind:id:1_::_"}],
               "filterMode": "tagPicker",
               "tagFilter": null,
               "customFilter": {
                  "filter": [],
                  "excludedResources": null,
                  "includedResources": null
               },
               "selfProvider": {"selfProvider": false},
               "filterOldMetrics": {"filterOldMetrics": false},
               "percentileValue": null,
               "topOption": "metricsHighestUtilization",
               "refreshInterval": 300,
               "resource": [],
               "maxValue": 100,
               "refreshContent": {"refreshContent": true},
               "orangeBound": 90,
               "depth": 10,
               "metric": {
                  "metricKey": "mem|usage_average",
                  "name": "Memory|Usage (%)"
               },
               "redBound": 95
            },
            "height": 666
         },
         {
            "collapsed": false,
            "id": "8c5f3879-92b9-4648-8c3e-1a2d8095c6c3",
            "gridsterCoords": {
               "w": 2,
               "x": 9,
               "h": 6,
               "y": 31
            },
            "type": "View",
            "title": "ESXi Hosts | Maintenance Mode",
            "config": {
               "refreshInterval": 300,
               "resource": null,
               "traversalSpecId": "",
               "refreshContent": {"refreshContent": false},
               "isUpdatedView": true,
               "chartViewItems": ["legend"],
               "selectFirstRow": {"selectFirstRow": false},
               "selfProvider": {"selfProvider": false},
               "title": "ESXi Hosts | Maintenance Mode",
               "viewDefinitionId": "33b7cf7c-23a9-4d73-835c-26190d8c0c5a"
            },
            "height": 324,
            "states": [{
               "value": "b%3A0",
               "key": "perm_isDashboardTime_widget_21fdb021-accd-483d-bca6-1e6225f15b35_8c5f3879-92b9-4648-8c3e-1a2d8095c6c3"
            }]
         },
         {
            "collapsed": false,
            "id": "8d70b041-8eff-4b89-bc0e-57b2f9302309",
            "gridsterCoords": {
               "w": 4,
               "x": 4,
               "h": 4,
               "y": 17
            },
            "type": "HealthChart",
            "title": "vCenter | CPU",
            "config": {
               "yellowBound": 85,
               "metricName": "CPU|Usage (%)",
               "metricKey": "cpu|usage_average",
               "relationshipMode": {"relationshipMode": 0},
               "sortByDir": {"orderByDir": "asc"},
               "title": "vCenter | CPU",
               "showResourceName": {"showResourceName": true},
               "chartHeight": 135,
               "metricUnit": {
                  "metricUnitId": -1,
                  "metricUnitName": "Default Unit"
               },
               "mode": "all",
               "metricType": {"metricType": "custom"},
               "filterMode": "tagPicker",
               "tagFilter": null,
               "paginationNumber": 15,
               "customFilter": {
                  "filter": [],
                  "excludedResources": null,
                  "includedResources": null
               },
               "selectFirstRow": {"selectFirstRow": false},
               "sortBy": "metricValue",
               "selfProvider": {"selfProvider": false},
               "refreshInterval": 300,
               "resource": [],
               "refreshContent": {"refreshContent": false},
               "resourceKindId": "resourceKind:id:2_::_",
               "orangeBound": 90,
               "metricFullName": "CPU|Usage (%)",
               "showMetricLabel": {"showMetricLabel": false},
               "depth": 1,
               "metricLabel": "",
               "redBound": 95
            },
            "height": 210,
            "states": [{
               "value": "s%3A%7B%22dateRange%22%3A%22dashboardTime%22%2C%22dateFrom%22%3Anull%2C%22dateTo%22%3Anull%2C%22timeFrom%22%3Anull%2C%22timeTo%22%3Anull%7D",
               "key": "permDateRange_HealthChart_widget_21fdb021-accd-483d-bca6-1e6225f15b35_8d70b041-8eff-4b89-bc0e-57b2f9302309"
            }]
         },
         {
            "collapsed": false,
            "id": "49955104-90b5-4fe7-b4e1-adf05e4b3bc2",
            "gridsterCoords": {
               "w": 8,
               "x": 4,
               "h": 6,
               "y": 11
            },
            "type": "Scoreboard",
            "title": "vCenter | Performance",
            "config": {
               "maxCellCount": 100,
               "oldMetricValues": true,
               "relationshipMode": {"relationshipMode": 0},
               "valueSize": 24,
               "title": "vCenter | Performance",
               "boxHeight": null,
               "showResourceName": {"showResourceName": false},
               "roundDecimals": 1,
               "mode": {"layoutMode": "fixedView"},
               "labelSize": 16,
               "customFilter": {
                  "filter": [],
                  "excludedResources": null,
                  "includedResources": null
               },
               "selfProvider": {"selfProvider": false},
               "resInteractionMode": null,
               "visualTheme": 6,
               "showMetricName": {"showMetricName": true},
               "refreshInterval": 300,
               "resource": [],
               "showDT": {"showDT": false},
               "refreshContent": {"refreshContent": false},
               "showMetricUnit": {"showMetricUnit": true},
               "depth": 1,
               "metric": {
                  "mode": "resourceKind",
                  "resourceMetrics": [],
                  "resourceKindMetrics": [
                     {
                        "yellowBound": 75,
                        "metricUnitId": "percent",
                        "metricName": "Badge|Health",
                        "metricKey": "badge|health",
                        "handleOldColoring": false,
                        "link": "",
                        "resourceKindName": "Virtual Machine",
                        "isStringMetric": false,
                        "resourceKindId": "resourceKind:id:2_::_",
                        "label": "Health",
                        "orangeBound": 50,
                        "unit": "%",
                        "redBound": 25,
                        "id": "extModel41173-2",
                        "colorMethod": 0
                     },
                     {
                        "yellowBound": 80,
                        "metricUnitId": "percent",
                        "metricName": "Badge|Workload",
                        "metricKey": "badge|workload",
                        "handleOldColoring": false,
                        "link": "",
                        "resourceKindName": "Virtual Machine",
                        "isStringMetric": false,
                        "resourceKindId": "resourceKind:id:2_::_",
                        "label": "Workload",
                        "orangeBound": 85,
                        "unit": "%",
                        "redBound": 90,
                        "id": "extModel41173-3",
                        "colorMethod": 0
                     },
                     {
                        "yellowBound": 85,
                        "metricUnitId": "percent",
                        "metricName": "CPU|Usage",
                        "metricKey": "cpu|usage_average",
                        "handleOldColoring": false,
                        "link": "",
                        "resourceKindName": "Virtual Machine",
                        "isStringMetric": false,
                        "resourceKindId": "resourceKind:id:2_::_",
                        "label": "CPU",
                        "orangeBound": 90,
                        "unit": "%",
                        "redBound": 95,
                        "id": "extModel37751-1",
                        "colorMethod": 0
                     },
                     {
                        "yellowBound": 85,
                        "metricUnitId": "percent",
                        "metricName": "Memory|Usage",
                        "metricKey": "mem|usage_average",
                        "handleOldColoring": false,
                        "link": "",
                        "resourceKindName": "Virtual Machine",
                        "isStringMetric": false,
                        "resourceKindId": "resourceKind:id:2_::_",
                        "label": "Memory",
                        "orangeBound": 90,
                        "unit": "%",
                        "redBound": 95,
                        "id": "extModel37751-2",
                        "colorMethod": 0
                     },
                     {
                        "yellowBound": null,
                        "metricUnitId": "msec",
                        "metricName": "Storage|Read Latency",
                        "metricKey": "storage|totalReadLatency_average",
                        "handleOldColoring": false,
                        "link": "",
                        "resourceKindName": "Virtual Machine",
                        "isStringMetric": false,
                        "resourceKindId": "resourceKind:id:2_::_",
                        "label": "Read Latency",
                        "orangeBound": null,
                        "unit": "ms",
                        "redBound": null,
                        "id": "extModel41173-1",
                        "colorMethod": 1
                     },
                     {
                        "yellowBound": null,
                        "metricUnitId": "msec",
                        "metricName": "Storage|Write Latency",
                        "metricKey": "storage|totalWriteLatency_average",
                        "handleOldColoring": false,
                        "link": "",
                        "resourceKindName": "Virtual Machine",
                        "isStringMetric": false,
                        "resourceKindId": "resourceKind:id:2_::_",
                        "label": "Write Latency",
                        "orangeBound": null,
                        "unit": "ms",
                        "redBound": null,
                        "id": "extModel41173-4",
                        "colorMethod": 1
                     }
                  ],
                  "subMode": "resourceKindAll"
               },
               "showSparkline": {"showSparkline": true},
               "boxColumns": 2,
               "periodLength": null
            },
            "height": 324
         },
         {
            "collapsed": false,
            "id": "eac8ef34-81db-4eb7-a115-9fb9321e4a4c",
            "gridsterCoords": {
               "w": 4,
               "x": 8,
               "h": 4,
               "y": 17
            },
            "type": "HealthChart",
            "title": "vCenter | Memory",
            "config": {
               "yellowBound": 85,
               "metricName": "Memory|Usage (%)",
               "metricKey": "mem|usage_average",
               "relationshipMode": {"relationshipMode": 0},
               "sortByDir": {"orderByDir": "asc"},
               "title": "vCenter | Memory",
               "showResourceName": {"showResourceName": true},
               "chartHeight": 135,
               "metricUnit": {
                  "metricUnitId": -1,
                  "metricUnitName": "Default Unit"
               },
               "mode": "all",
               "metricType": {"metricType": "custom"},
               "filterMode": "tagPicker",
               "tagFilter": null,
               "paginationNumber": 15,
               "customFilter": {
                  "filter": [],
                  "excludedResources": null,
                  "includedResources": null
               },
               "selectFirstRow": {"selectFirstRow": false},
               "sortBy": "metricValue",
               "selfProvider": {"selfProvider": false},
               "refreshInterval": 300,
               "resource": [],
               "refreshContent": {"refreshContent": false},
               "resourceKindId": "resourceKind:id:2_::_",
               "orangeBound": 90,
               "metricFullName": "Memory|Usage (%)",
               "showMetricLabel": {"showMetricLabel": false},
               "depth": 1,
               "metricLabel": "",
               "redBound": 95
            },
            "height": 210,
            "states": [{
               "value": "s%3A%7B%22dateRange%22%3A%22dashboardTime%22%2C%22dateFrom%22%3Anull%2C%22dateTo%22%3Anull%2C%22timeFrom%22%3Anull%2C%22timeTo%22%3Anull%7D",
               "key": "permDateRange_HealthChart_widget_21fdb021-accd-483d-bca6-1e6225f15b35_eac8ef34-81db-4eb7-a115-9fb9321e4a4c"
            }]
         },
         {
            "collapsed": false,
            "id": "7413a7ca-7241-44dc-ab90-58cf71c53a6c",
            "gridsterCoords": {
               "w": 2,
               "x": 9,
               "h": 6,
               "y": 25
            },
            "type": "View",
            "title": "Cluster | DRS",
            "config": {
               "refreshInterval": 300,
               "resource": null,
               "traversalSpecId": "",
               "refreshContent": {"refreshContent": false},
               "isUpdatedView": true,
               "chartViewItems": [
                  "labels",
                  "legend"
               ],
               "selectFirstRow": {"selectFirstRow": false},
               "selfProvider": {"selfProvider": false},
               "title": "Cluster | DRS",
               "viewDefinitionId": "2309af14-99bf-42b4-8298-1611c4a53e36"
            },
            "height": 324,
            "states": [{
               "value": "b%3A0",
               "key": "perm_isDashboardTime_widget_21fdb021-accd-483d-bca6-1e6225f15b35_7413a7ca-7241-44dc-ab90-58cf71c53a6c"
            }]
         },
         {
            "collapsed": false,
            "id": "3137d6fa-e5e7-42e5-a3a8-b84a5078df8a",
            "gridsterCoords": {
               "w": 4,
               "x": 1,
               "h": 6,
               "y": 37
            },
            "type": "TextDisplay",
            "title": "Dashboard Info",
            "config": {
               "locationUrl": "",
               "locationFile": "",
               "editorData": "<span style=\"background-color: rgb(255, 255, 255);\"><b style=\"\"><font face=\"arial\"><font style=\"color: rgb(0, 0, 0); font-size: 14px;\">\u200b<\/font><font style=\"font-size: 14px;\" color=\"#777777\">Dashboard Views:<\/font><\/font><\/b><\/span><div style=\"\"><ul style=\"\"><li style=\"font-size: 14px;\"><font style=\"background-color: rgb(255, 255, 255);\" color=\"#777777\" face=\"arial\">DBH | vCenter VMs<\/font><\/li><li style=\"font-size: 14px;\"><font style=\"background-color: rgb(255, 255, 255);\" color=\"#777777\" face=\"arial\">DBH | vCenter Details<\/font><\/li><li style=\"\"><font style=\"background-color: rgb(255, 255, 255);\" color=\"#777777\" face=\"arial\"><span style=\"font-size: 14px;\">DBH | Hosts in Maintenance Mode<\/span><br><\/font><\/li><li style=\"\"><font style=\"\"><font style=\"\"><span style=\"font-size: 14px; background-color: rgb(255, 255, 255);\"><font color=\"#777777\" style=\"\" face=\"arial\">DBH | Cluster DRS Status<\/font><\/span><br><\/font><\/font><\/li><\/ul><\/div>",
               "refreshInterval": 300,
               "titleLocalized": "Dashboard Info",
               "refreshContent": {"refreshContent": false},
               "title": "Dashboard Info",
               "viewModeHTML": true
            },
            "height": 324
         },
         {
            "collapsed": false,
            "id": "c3f283cf-a714-46f7-ad48-fc63353b0b2c",
            "gridsterCoords": {
               "w": 2,
               "x": 5,
               "h": 12,
               "y": 25
            },
            "type": "ParetoAnalysis",
            "title": "ESXi Hosts | Uptime",
            "config": {
               "yellowBound": 181,
               "regenerationTime": 15,
               "barsCount": 15,
               "metricName": "Uptime",
               "relationshipMode": {"relationshipMode": [
                  -1,
                  0
               ]},
               "title": "ESXi Hosts | Uptime",
               "additionalColumns": [],
               "roundDecimals": 0,
               "metricUnit": {
                  "metricUnitId": "day",
                  "metricUnitName": "Day(s)"
               },
               "mode": "all",
               "resourceKind": [{"id": "resourceKind:id:1_::_"}],
               "filterMode": "tagPicker",
               "tagFilter": null,
               "customFilter": {
                  "filter": [],
                  "excludedResources": null,
                  "includedResources": null
               },
               "selfProvider": {"selfProvider": false},
               "filterOldMetrics": {"filterOldMetrics": false},
               "percentileValue": null,
               "topOption": "metricsHighestUtilization",
               "refreshInterval": 300,
               "resource": [],
               "maxValue": null,
               "refreshContent": {"refreshContent": true},
               "orangeBound": 270,
               "depth": 10,
               "metric": {
                  "metricKey": "sys|uptime_latest",
                  "name": "System|Uptime (Second(s))"
               },
               "redBound": 360
            },
            "height": 666
         }
      ],
      "states": [{
         "value": "o%3AdateRange%3Ds%253Alast24Hour%5EdateRangeText%3Ds%253A24H",
         "key": "permDashboardTime_dashboard_21fdb021-accd-483d-bca6-1e6225f15b35"
      }],
      "homeTab": true,
      "rank": 0,
      "disabled": false,
      "id": "21fdb021-accd-483d-bca6-1e6225f15b35",
      "locked": false,
      "dashboardNavigations": {},
      "widgetInteractions": [
         {
            "widgetIdProvider": "53b6d41f-73a9-4d29-86ef-76ac82a7d074",
            "type": "resourceId",
            "widgetIdReceiver": "22407f67-5342-4005-a4c3-9c4596f336fd"
         },
         {
            "widgetIdProvider": "eb6edf30-b2ad-475d-9112-f1e864b77949",
            "type": "resourceId",
            "widgetIdReceiver": "4a83bb71-b387-44a6-99da-69a120dc1d22"
         },
         {
            "widgetIdProvider": "eb6edf30-b2ad-475d-9112-f1e864b77949",
            "type": "resourceId",
            "widgetIdReceiver": "74790d33-a3e5-48dc-8fcc-049cfff4130a"
         },
         {
            "widgetIdProvider": "eb6edf30-b2ad-475d-9112-f1e864b77949",
            "type": "resourceId",
            "widgetIdReceiver": "32596005-adb0-4b54-8340-94bbf10ba69c"
         },
         {
            "widgetIdProvider": "eb6edf30-b2ad-475d-9112-f1e864b77949",
            "type": "resourceId",
            "widgetIdReceiver": "8c5f3879-92b9-4648-8c3e-1a2d8095c6c3"
         },
         {
            "widgetIdProvider": "53b6d41f-73a9-4d29-86ef-76ac82a7d074",
            "type": "resourceId",
            "widgetIdReceiver": "8d70b041-8eff-4b89-bc0e-57b2f9302309"
         },
         {
            "widgetIdProvider": "53b6d41f-73a9-4d29-86ef-76ac82a7d074",
            "type": "resourceId",
            "widgetIdReceiver": "49955104-90b5-4fe7-b4e1-adf05e4b3bc2"
         },
         {
            "widgetIdProvider": "53b6d41f-73a9-4d29-86ef-76ac82a7d074",
            "type": "resourceId",
            "widgetIdReceiver": "eac8ef34-81db-4eb7-a115-9fb9321e4a4c"
         },
         {
            "widgetIdProvider": "eb6edf30-b2ad-475d-9112-f1e864b77949",
            "type": "resourceId",
            "widgetIdReceiver": "7413a7ca-7241-44dc-ab90-58cf71c53a6c"
         },
         {
            "widgetIdProvider": "eb6edf30-b2ad-475d-9112-f1e864b77949",
            "type": "resourceId",
            "widgetIdReceiver": "c3f283cf-a714-46f7-ad48-fc63353b0b2c"
         }
      ],
      "namePath": "Dale Hassinger",
      "lastUpdateUserId": "6b8550f8-3c36-4c1c-8652-0dfe29ed61a3",
      "columnCount": 1,
      "userId": "6b8550f8-3c36-4c1c-8652-0dfe29ed61a3",
      "name": "Dale Hassinger/DDC | vCenter Observability",
      "gridsterMaxColumns": 12,
      "lastUpdateTime": 1740066729339
   }],
   "uuid": "d1ad71c9-673d-4a7c-9589-13bbae8b0f15"
}