<?xml version="1.0" encoding="UTF-8" standalone="yes"?>
<Content>
        
    <Views>
                
        <ViewDef id="44291e7b-05b4-4fb3-8812-5141de5c021f">
                        
            <Title>MSK | Kubernetes Cluster Configuration</Title>
                        
            <Description>List of Kubernetes clusters along with their relevant information for configuration management</Description>
                        
            <SubjectType adapterKind="KubernetesAdapter" resourceKind="KubernetesAdapter Instance" type="descendant"/>
                        
            <SubjectType adapterKind="KubernetesAdapter" resourceKind="KubernetesAdapter Instance" type="self"/>
                        
            <SubjectType adapterKind="KubernetesAdapter" resourceKind="K8S-World" type="descendant"/>
                        
            <SubjectType adapterKind="KubernetesAdapter" resourceKind="K8S-World" type="self"/>
                        
            <Usage>dashboard</Usage>
                        
            <Usage>report</Usage>
                        
            <Usage>details</Usage>
                        
            <Usage>content</Usage>
                        
            <Controls>
                                
                <Control id="time-interval-selector_id_929" type="time-interval-selector" visible="false">
                                        
                    <Property name="advancedTimeMode" value="false"/>
                                        
                    <Property name="unit" value="DAYS"/>
                                        
                    <Property name="count" value="7"/>
                                    
                </Control>
                                
                <Control id="attributes-selector_id_930" type="attributes-selector" visible="false">
                                        
                    <Property name="attributeInfos">
                                                
                        <List>
                                                        
                            <Item>
                                
                                <Value>
                                        
                                    <Property name="objectType" value="RESOURCE"/>
                                        
                                    <Property name="attributeKey" value="Summary|CertificateUpdateNeeded"/>
                                        
                                    <Property name="isStringAttribute" value="true"/>
                                        
                                    <Property name="adapterKind" value="KubernetesAdapter"/>
                                        
                                    <Property name="resourceKind" value="KubernetesAdapter Instance"/>
                                        
                                    <Property name="rollUpCount" value="0"/>
                                        
                                    <Property name="transformations">
                                                
                                        <List>
                                                        
                                            <Item value="CURRENT"/>
                                                    
                                        </List>
                                            
                                    </Property>
                                        
                                    <Property name="isProperty" value="true"/>
                                        
                                    <Property name="redBound" value="true"/>
                                        
                                    <Property name="ascendingRange" value="true"/>
                                        
                                    <Property name="displayName" value="Certificate Update Needed?"/>
                                        
                                    <Property name="addTimestampAsColumn" value="false"/>
                                        
                                    <Property name="isShowRelativeTimestamp" value="false"/>
                                    
                                </Value>
                                                            
                            </Item>
                                                        
                            <Item>
                                
                                <Value>
                                        
                                    <Property name="objectType" value="RESOURCE"/>
                                        
                                    <Property name="attributeKey" value="Summary|NamespaceCount"/>
                                        
                                    <Property name="isStringAttribute" value="false"/>
                                        
                                    <Property name="rollUpType" value="NONE"/>
                                        
                                    <Property name="rollUpCount" value="0"/>
                                        
                                    <Property name="transformations">
                                                
                                        <List>
                                                        
                                            <Item value="CURRENT"/>
                                                    
                                        </List>
                                            
                                    </Property>
                                        
                                    <Property name="isProperty" value="false"/>
                                        
                                    <Property name="displayName" value="Namespaces"/>
                                        
                                    <Property name="addTimestampAsColumn" value="false"/>
                                        
                                    <Property name="isShowRelativeTimestamp" value="false"/>
                                    
                                </Value>
                                                            
                            </Item>
                                                        
                            <Item>
                                
                                <Value>
                                        
                                    <Property name="objectType" value="RESOURCE"/>
                                        
                                    <Property name="attributeKey" value="Summary|NodeCount"/>
                                        
                                    <Property name="isStringAttribute" value="false"/>
                                        
                                    <Property name="rollUpType" value="NONE"/>
                                        
                                    <Property name="rollUpCount" value="0"/>
                                        
                                    <Property name="transformations">
                                                
                                        <List>
                                                        
                                            <Item value="CURRENT"/>
                                                    
                                        </List>
                                            
                                    </Property>
                                        
                                    <Property name="isProperty" value="false"/>
                                        
                                    <Property name="displayName" value="Nodes"/>
                                        
                                    <Property name="addTimestampAsColumn" value="false"/>
                                        
                                    <Property name="isShowRelativeTimestamp" value="false"/>
                                    
                                </Value>
                                                            
                            </Item>
                                                        
                            <Item>
                                
                                <Value>
                                        
                                    <Property name="objectType" value="RESOURCE"/>
                                        
                                    <Property name="attributeKey" value="Summary|ServiceCount"/>
                                        
                                    <Property name="isStringAttribute" value="false"/>
                                        
                                    <Property name="rollUpType" value="NONE"/>
                                        
                                    <Property name="rollUpCount" value="0"/>
                                        
                                    <Property name="transformations">
                                                
                                        <List>
                                                        
                                            <Item value="CURRENT"/>
                                                    
                                        </List>
                                            
                                    </Property>
                                        
                                    <Property name="isProperty" value="false"/>
                                        
                                    <Property name="displayName" value="Services"/>
                                        
                                    <Property name="addTimestampAsColumn" value="false"/>
                                        
                                    <Property name="isShowRelativeTimestamp" value="false"/>
                                    
                                </Value>
                                                            
                            </Item>
                                                        
                            <Item>
                                
                                <Value>
                                        
                                    <Property name="objectType" value="RESOURCE"/>
                                        
                                    <Property name="attributeKey" value="Summary|StatefulsetCount"/>
                                        
                                    <Property name="isStringAttribute" value="false"/>
                                        
                                    <Property name="rollUpType" value="NONE"/>
                                        
                                    <Property name="rollUpCount" value="0"/>
                                        
                                    <Property name="transformations">
                                                
                                        <List>
                                                        
                                            <Item value="CURRENT"/>
                                                    
                                        </List>
                                            
                                    </Property>
                                        
                                    <Property name="isProperty" value="false"/>
                                        
                                    <Property name="displayName" value="Statefulsets"/>
                                        
                                    <Property name="addTimestampAsColumn" value="false"/>
                                        
                                    <Property name="isShowRelativeTimestamp" value="false"/>
                                    
                                </Value>
                                                            
                            </Item>
                                                        
                            <Item>
                                
                                <Value>
                                        
                                    <Property name="objectType" value="RESOURCE"/>
                                        
                                    <Property name="attributeKey" value="Summary|DeploymentCount"/>
                                        
                                    <Property name="isStringAttribute" value="false"/>
                                        
                                    <Property name="adapterKind" value="KubernetesAdapter"/>
                                        
                                    <Property name="resourceKind" value="KubernetesAdapter Instance"/>
                                        
                                    <Property name="rollUpType" value="NONE"/>
                                        
                                    <Property name="rollUpCount" value="0"/>
                                        
                                    <Property name="transformations">
                                                
                                        <List>
                                                        
                                            <Item value="CURRENT"/>
                                                    
                                        </List>
                                            
                                    </Property>
                                        
                                    <Property name="isProperty" value="false"/>
                                        
                                    <Property name="displayName" value="Deployments"/>
                                        
                                    <Property name="addTimestampAsColumn" value="false"/>
                                        
                                    <Property name="isShowRelativeTimestamp" value="false"/>
                                    
                                </Value>
                                                            
                            </Item>
                                                        
                            <Item>
                                
                                <Value>
                                        
                                    <Property name="objectType" value="RESOURCE"/>
                                        
                                    <Property name="attributeKey" value="Summary|DaemonsetCount"/>
                                        
                                    <Property name="isStringAttribute" value="false"/>
                                        
                                    <Property name="adapterKind" value="KubernetesAdapter"/>
                                        
                                    <Property name="resourceKind" value="KubernetesAdapter Instance"/>
                                        
                                    <Property name="rollUpType" value="NONE"/>
                                        
                                    <Property name="rollUpCount" value="0"/>
                                        
                                    <Property name="transformations">
                                                
                                        <List>
                                                        
                                            <Item value="CURRENT"/>
                                                    
                                        </List>
                                            
                                    </Property>
                                        
                                    <Property name="isProperty" value="false"/>
                                        
                                    <Property name="displayName" value="Daemonsets"/>
                                        
                                    <Property name="addTimestampAsColumn" value="false"/>
                                        
                                    <Property name="isShowRelativeTimestamp" value="false"/>
                                    
                                </Value>
                                                            
                            </Item>
                                                        
                            <Item>
                                
                                <Value>
                                        
                                    <Property name="objectType" value="RESOURCE"/>
                                        
                                    <Property name="attributeKey" value="Summary|PodCount"/>
                                        
                                    <Property name="isStringAttribute" value="false"/>
                                        
                                    <Property name="rollUpType" value="NONE"/>
                                        
                                    <Property name="rollUpCount" value="0"/>
                                        
                                    <Property name="transformations">
                                                
                                        <List>
                                                        
                                            <Item value="CURRENT"/>
                                                    
                                        </List>
                                            
                                    </Property>
                                        
                                    <Property name="isProperty" value="false"/>
                                        
                                    <Property name="displayName" value="Pods"/>
                                        
                                    <Property name="addTimestampAsColumn" value="false"/>
                                        
                                    <Property name="isShowRelativeTimestamp" value="false"/>
                                    
                                </Value>
                                                            
                            </Item>
                                                        
                            <Item>
                                
                                <Value>
                                        
                                    <Property name="objectType" value="RESOURCE"/>
                                        
                                    <Property name="attributeKey" value="Summary|PodsNotRunningCount"/>
                                        
                                    <Property name="isStringAttribute" value="false"/>
                                        
                                    <Property name="rollUpType" value="NONE"/>
                                        
                                    <Property name="rollUpCount" value="0"/>
                                        
                                    <Property name="transformations">
                                                
                                        <List>
                                                        
                                            <Item value="CURRENT"/>
                                                    
                                        </List>
                                            
                                    </Property>
                                        
                                    <Property name="isProperty" value="false"/>
                                        
                                    <Property name="yellowBound" value="10"/>
                                        
                                    <Property name="orangeBound" value="20"/>
                                        
                                    <Property name="redBound" value="40"/>
                                        
                                    <Property name="ascendingRange" value="false"/>
                                        
                                    <Property name="displayName" value="Pods not running"/>
                                        
                                    <Property name="addTimestampAsColumn" value="false"/>
                                        
                                    <Property name="isShowRelativeTimestamp" value="false"/>
                                    
                                </Value>
                                                            
                            </Item>
                                                        
                            <Item>
                                
                                <Value>
                                        
                                    <Property name="objectType" value="RESOURCE"/>
                                        
                                    <Property name="attributeKey" value="Summary|ContainerCount"/>
                                        
                                    <Property name="isStringAttribute" value="false"/>
                                        
                                    <Property name="rollUpType" value="NONE"/>
                                        
                                    <Property name="rollUpCount" value="0"/>
                                        
                                    <Property name="transformations">
                                                
                                        <List>
                                                        
                                            <Item value="CURRENT"/>
                                                    
                                        </List>
                                            
                                    </Property>
                                        
                                    <Property name="isProperty" value="false"/>
                                        
                                    <Property name="displayName" value="Containers"/>
                                        
                                    <Property name="addTimestampAsColumn" value="false"/>
                                        
                                    <Property name="isShowRelativeTimestamp" value="false"/>
                                    
                                </Value>
                                                            
                            </Item>
                                                        
                            <Item>
                                
                                <Value>
                                        
                                    <Property name="objectType" value="RESOURCE"/>
                                        
                                    <Property name="attributeKey" value="Cpu|CpuCapacity"/>
                                        
                                    <Property name="preferredUnitId" value="cores"/>
                                        
                                    <Property name="isStringAttribute" value="false"/>
                                        
                                    <Property name="rollUpType" value="NONE"/>
                                        
                                    <Property name="rollUpCount" value="0"/>
                                        
                                    <Property name="transformations">
                                                
                                        <List>
                                                        
                                            <Item value="CURRENT"/>
                                                    
                                        </List>
                                            
                                    </Property>
                                        
                                    <Property name="isProperty" value="false"/>
                                        
                                    <Property name="displayName" value="CPU Capacity"/>
                                        
                                    <Property name="addTimestampAsColumn" value="false"/>
                                        
                                    <Property name="isShowRelativeTimestamp" value="false"/>
                                    
                                </Value>
                                                            
                            </Item>
                                                        
                            <Item>
                                
                                <Value>
                                        
                                    <Property name="objectType" value="RESOURCE"/>
                                        
                                    <Property name="attributeKey" value="Memory|MemoryCapacity"/>
                                        
                                    <Property name="preferredUnitId" value="gb"/>
                                        
                                    <Property name="isStringAttribute" value="false"/>
                                        
                                    <Property name="rollUpType" value="NONE"/>
                                        
                                    <Property name="rollUpCount" value="0"/>
                                        
                                    <Property name="transformations">
                                                
                                        <List>
                                                        
                                            <Item value="CURRENT"/>
                                                    
                                        </List>
                                            
                                    </Property>
                                        
                                    <Property name="isProperty" value="false"/>
                                        
                                    <Property name="displayName" value="Memory Capacity"/>
                                        
                                    <Property name="addTimestampAsColumn" value="false"/>
                                        
                                    <Property name="isShowRelativeTimestamp" value="false"/>
                                    
                                </Value>
                                                            
                            </Item>
                                                        
                            <Item>
                                
                                <Value>
                                        
                                    <Property name="objectType" value="RESOURCE"/>
                                        
                                    <Property name="attributeKey" value="Disk|Capacity"/>
                                        
                                    <Property name="preferredUnitId" value="gb"/>
                                        
                                    <Property name="isStringAttribute" value="false"/>
                                        
                                    <Property name="adapterKind" value="KubernetesAdapter"/>
                                        
                                    <Property name="resourceKind" value="KubernetesAdapter Instance"/>
                                        
                                    <Property name="rollUpType" value="NONE"/>
                                        
                                    <Property name="rollUpCount" value="0"/>
                                        
                                    <Property name="transformations">
                                                
                                        <List>
                                                        
                                            <Item value="CURRENT"/>
                                                    
                                        </List>
                                            
                                    </Property>
                                        
                                    <Property name="isProperty" value="false"/>
                                        
                                    <Property name="displayName" value="Disk Capacity"/>
                                        
                                    <Property name="addTimestampAsColumn" value="false"/>
                                        
                                    <Property name="isShowRelativeTimestamp" value="false"/>
                                    
                                </Value>
                                                            
                            </Item>
                                                    
                        </List>
                                            
                    </Property>
                                    
                </Control>
                                
                <Control id="pagination-control_id_931" type="pagination-control" visible="true">
                                        
                    <Property name="start" value="0"/>
                                        
                    <Property name="size" value="50"/>
                                    
                </Control>
                                
                <Control id="metadata_id_932" type="metadata" visible="false">
                                        
                    <Property name="maxPointsCount" value="5000"/>
                                        
                    <Property name="hideObjectNameColumn" value="false"/>
                                        
                    <Property name="listTopResultSize" value="-1"/>
                                    
                </Control>
                            
            </Controls>
                        
            <DataProviders>
                                
                <DataProvider dataType="list-view" id="list-view_id_928"/>
                            
            </DataProviders>
                        
            <Presentation type="list"/>
                    
        </ViewDef>
            
    </Views>
    
</Content>
