{
   "entries": {
      "resourceKind": [{
         "resourceKindKey": "VirtualMachine",
         "internalId": "resourceKind:id:0_::_",
         "adapterKindKey": "VMWARE"
      }],
      "resource": [{
         "resourceKindKey": "vSphere World",
         "internalId": "resource:id:0_::_",
         "adapterKindKey": "VMWARE",
         "identifiers": [],
         "name": "vSphere World"
      }]
   },
   "dashboards": [{
      "shared": false,
      "temporary": false,
      "hidden": false,
      "creationTime": 1762636919413,
      "autoswitchEnabled": false,
      "importAttempts": 0,
      "lastUpdateUserId": "e86c1095-4cd9-43ef-b33e-5c23ae71a75d",
      "columnProportion": "1-1",
      "importComplete": true,
      "description": "",
      "columnCount": 1,
      "widgets": [
         {
            "collapsed": false,
            "id": "fc0a10e6-2555-417b-9885-9c92383c8570",
            "gridsterCoords": {
               "w": 2,
               "x": 5,
               "h": 5,
               "y": 1
            },
            "type": "Scoreboard",
            "title": "Service | Active Directory",
            "config": {
               "maxCellCount": 100,
               "oldMetricValues": true,
               "relationshipMode": {"relationshipMode": 0},
               "valueSize": 24,
               "title": "Service | Active Directory",
               "boxHeight": null,
               "showResourceName": {"showResourceName": true},
               "roundDecimals": null,
               "mode": {"layoutMode": "fixedView"},
               "labelSize": 16,
               "customFilter": {
                  "filter": [{
                     "resourceKind": "002006VMWAREVirtualMachine",
                     "filterTypes": [{
                        "condition": "EQUALS",
                        "metricKey": "vCommunity|Guest OS|Services|Active Directory Domain Services|Service Name",
                        "metricValue": {
                           "isStringMetric": true,
                           "value": "NTDS"
                        },
                        "filterType": "properties"
                     }]
                  }],
                  "excludedResources": null,
                  "includedResources": null
               },
               "selfProvider": {"selfProvider": true},
               "resInteractionMode": null,
               "visualTheme": 6,
               "showMetricName": {"showMetricName": false},
               "refreshInterval": 300,
               "resource": [],
               "showDT": {"showDT": false},
               "refreshContent": {"refreshContent": true},
               "showMetricUnit": {"showMetricUnit": true},
               "depth": 1,
               "metric": {
                  "mode": "resourceKind",
                  "resourceMetrics": [],
                  "resourceKindMetrics": [{
                     "yellowBound": "a",
                     "metricUnitId": null,
                     "metricName": "vCommunity|Guest OS|Services|Active Directory Domain Services|Service Status",
                     "metricKey": "vCommunity|Guest OS|Services|Active Directory Domain Services|Service Status",
                     "handleOldColoring": false,
                     "maxValue": "",
                     "link": "",
                     "resourceKindName": "Virtual Machine",
                     "isStringMetric": true,
                     "resourceKindId": "resourceKind:id:0_::_",
                     "label": "Service Status",
                     "orangeBound": "b",
                     "unit": "",
                     "redBound": "stopped",
                     "id": "extModel14870-1",
                     "colorMethod": 0
                  }],
                  "subMode": "resourceKindAll"
               },
               "showSparkline": {"showSparkline": true},
               "boxColumns": 1,
               "periodLength": "dashboardTime"
            },
            "height": 267
         },
         {
            "collapsed": false,
            "id": "3efd8ac2-a253-4af2-ab6d-cd11baa06447",
            "gridsterCoords": {
               "w": 2,
               "x": 3,
               "h": 9,
               "y": 1
            },
            "type": "Scoreboard",
            "title": "Service | RDS",
            "config": {
               "maxCellCount": 100,
               "oldMetricValues": true,
               "relationshipMode": {"relationshipMode": 0},
               "valueSize": 24,
               "title": "Service | RDS",
               "boxHeight": null,
               "showResourceName": {"showResourceName": true},
               "roundDecimals": null,
               "mode": {"layoutMode": "fixedView"},
               "labelSize": 16,
               "customFilter": {
                  "filter": [{
                     "resourceKind": "002006VMWAREVirtualMachine",
                     "filterTypes": [{
                        "condition": "EQUALS",
                        "metricKey": "vCommunity|Guest OS|Services|Remote Desktop Services|Service Name",
                        "metricValue": {
                           "isStringMetric": true,
                           "value": "TermService"
                        },
                        "filterType": "properties"
                     }]
                  }],
                  "excludedResources": null,
                  "includedResources": null
               },
               "selfProvider": {"selfProvider": true},
               "resInteractionMode": null,
               "visualTheme": 6,
               "showMetricName": {"showMetricName": false},
               "refreshInterval": 300,
               "resource": [],
               "showDT": {"showDT": false},
               "refreshContent": {"refreshContent": true},
               "showMetricUnit": {"showMetricUnit": true},
               "depth": 1,
               "metric": {
                  "mode": "resourceKind",
                  "resourceMetrics": [],
                  "resourceKindMetrics": [{
                     "yellowBound": "a",
                     "metricUnitId": null,
                     "metricName": "vCommunity|Guest OS|Services|Remote Desktop Services|Service Status",
                     "metricKey": "vCommunity|Guest OS|Services|Remote Desktop Services|Service Status",
                     "handleOldColoring": false,
                     "maxValue": "",
                     "link": "",
                     "resourceKindName": "Virtual Machine",
                     "isStringMetric": true,
                     "resourceKindId": "resourceKind:id:0_::_",
                     "label": "Service Status",
                     "orangeBound": "b",
                     "unit": "",
                     "redBound": "stopped",
                     "id": "extModel19985-1",
                     "colorMethod": 0
                  }],
                  "subMode": "resourceKindAll"
               },
               "showSparkline": {"showSparkline": true},
               "boxColumns": 1,
               "periodLength": "dashboardTime"
            },
            "height": 495
         },
         {
            "collapsed": false,
            "id": "0b767c4f-67af-413c-b4e0-2a9ddc9e224b",
            "gridsterCoords": {
               "w": 2,
               "x": 5,
               "h": 4,
               "y": 6
            },
            "type": "Scoreboard",
            "title": "Service | Veeam Backup",
            "config": {
               "maxCellCount": 100,
               "oldMetricValues": true,
               "relationshipMode": {"relationshipMode": 0},
               "valueSize": 24,
               "title": "Service | Veeam Backup",
               "boxHeight": null,
               "showResourceName": {"showResourceName": true},
               "roundDecimals": null,
               "mode": {"layoutMode": "fixedView"},
               "labelSize": 16,
               "customFilter": {
                  "filter": [{
                     "resourceKind": "002006VMWAREVirtualMachine",
                     "filterTypes": [{
                        "condition": "EQUALS",
                        "metricKey": "vCommunity|Guest OS|Services|Veeam Backup Service|Service Name",
                        "metricValue": {
                           "isStringMetric": true,
                           "value": "VeeamBackupSvc"
                        },
                        "filterType": "properties"
                     }]
                  }],
                  "excludedResources": null,
                  "includedResources": null
               },
               "selfProvider": {"selfProvider": true},
               "resInteractionMode": null,
               "visualTheme": 6,
               "showMetricName": {"showMetricName": false},
               "refreshInterval": 300,
               "resource": [],
               "showDT": {"showDT": false},
               "refreshContent": {"refreshContent": true},
               "showMetricUnit": {"showMetricUnit": true},
               "depth": 1,
               "metric": {
                  "mode": "resourceKind",
                  "resourceMetrics": [],
                  "resourceKindMetrics": [{
                     "yellowBound": "A",
                     "metricUnitId": null,
                     "metricName": "vCommunity|Guest OS|Services|Veeam Backup Service|Service Status",
                     "metricKey": "vCommunity|Guest OS|Services|Veeam Backup Service|Service Status",
                     "handleOldColoring": false,
                     "maxValue": "",
                     "link": "",
                     "resourceKindName": "Virtual Machine",
                     "isStringMetric": true,
                     "resourceKindId": "resourceKind:id:0_::_",
                     "label": "Service Status",
                     "orangeBound": "B",
                     "unit": "",
                     "redBound": "Stopped",
                     "id": "extModel27920-1",
                     "colorMethod": 0
                  }],
                  "subMode": "resourceKindAll"
               },
               "showSparkline": {"showSparkline": true},
               "boxColumns": 1,
               "periodLength": "dashboardTime"
            },
            "height": 210
         },
         {
            "collapsed": false,
            "id": "158b5446-447c-4850-bbf9-51699beeb689",
            "gridsterCoords": {
               "w": 2,
               "x": 1,
               "h": 9,
               "y": 1
            },
            "type": "Scoreboard",
            "title": "Service | Microsoft Defender Antivirus Service",
            "config": {
               "maxCellCount": 100,
               "oldMetricValues": true,
               "relationshipMode": {"relationshipMode": 0},
               "valueSize": 24,
               "title": "Service | Microsoft Defender Antivirus Service",
               "boxHeight": null,
               "showResourceName": {"showResourceName": true},
               "roundDecimals": null,
               "mode": {"layoutMode": "fixedView"},
               "labelSize": 16,
               "customFilter": {
                  "filter": [{
                     "resourceKind": "002006VMWAREVirtualMachine",
                     "filterTypes": [{
                        "condition": "EQUALS",
                        "metricKey": "vCommunity|Guest OS|Services|Microsoft Defender Antivirus Service|Service Name",
                        "metricValue": {
                           "isStringMetric": true,
                           "value": "WinDefend"
                        },
                        "filterType": "properties"
                     }]
                  }],
                  "excludedResources": null,
                  "includedResources": null
               },
               "selfProvider": {"selfProvider": true},
               "resInteractionMode": null,
               "visualTheme": 6,
               "showMetricName": {"showMetricName": false},
               "refreshInterval": 300,
               "resource": [],
               "showDT": {"showDT": false},
               "refreshContent": {"refreshContent": true},
               "showMetricUnit": {"showMetricUnit": true},
               "depth": 1,
               "metric": {
                  "mode": "resourceKind",
                  "resourceMetrics": [],
                  "resourceKindMetrics": [{
                     "yellowBound": "A",
                     "metricUnitId": null,
                     "metricName": "vCommunity|Guest OS|Services|Microsoft Defender Antivirus Service|Service Status",
                     "metricKey": "vCommunity|Guest OS|Services|Microsoft Defender Antivirus Service|Service Status",
                     "handleOldColoring": false,
                     "maxValue": "",
                     "link": "",
                     "resourceKindName": "Virtual Machine",
                     "isStringMetric": true,
                     "resourceKindId": "resourceKind:id:0_::_",
                     "label": "Service Status",
                     "orangeBound": "B",
                     "unit": "",
                     "redBound": "Stopped",
                     "id": "extModel34362-1",
                     "colorMethod": 0
                  }],
                  "subMode": "resourceKindAll"
               },
               "showSparkline": {"showSparkline": true},
               "boxColumns": 1,
               "periodLength": "dashboardTime"
            },
            "height": 495
         },
         {
            "collapsed": false,
            "id": "5371e9a0-5990-4392-b844-c57cff800f01",
            "gridsterCoords": {
               "w": 6,
               "x": 1,
               "h": 8,
               "y": 10
            },
            "type": "View",
            "title": "vCommunity | Windows | Services",
            "config": {
               "refreshInterval": 300,
               "resource": {
                  "resourceId": "resource:id:0_::_",
                  "traversalSpecId": "",
                  "resourceName": "vSphere World",
                  "resourceKindId": "002006VMWAREvSphere World",
                  "id": "Ext.vcops.chrome.model.Resource-70"
               },
               "traversalSpecId": null,
               "refreshContent": {"refreshContent": true},
               "isUpdatedView": true,
               "chartViewItems": [],
               "selectFirstRow": {"selectFirstRow": true},
               "selfProvider": {"selfProvider": true},
               "title": "vCommunity | Windows | Services",
               "viewDefinitionId": "3c09e59e-3d7f-4e72-a111-c778973677a0"
            },
            "height": 438,
            "states": [{
               "value": "o%3Acolumns%3Da%253Ao%25253Aid%25253Ds%2525253ApermTableView_widget_23e1e1f8-fd95-407b-9307-d6e76c11c1fe_5371e9a0-5990-4392-b844-c57cff800f01-column-0%25255Ehidden%25253Db%2525253A0%255Eo%25253Aid%25253Ds%2525253ApermTableView_widget_23e1e1f8-fd95-407b-9307-d6e76c11c1fe_5371e9a0-5990-4392-b844-c57cff800f01-column-vCommunity%2525257CGuest%25252520OS%2525257CServices%2525257CRemote%25252520Desktop%25252520Services%2525257CService%25252520Status1%25255Ehidden%25253Db%2525253A0%255Eo%25253Aid%25253Ds%2525253ApermTableView_widget_23e1e1f8-fd95-407b-9307-d6e76c11c1fe_5371e9a0-5990-4392-b844-c57cff800f01-column-vCommunity%2525257CGuest%25252520OS%2525257CServices%2525257CMicrosoft%25252520Defender%25252520Antivirus%25252520Service%2525257CService%25252520Status2%25255Ehidden%25253Db%2525253A0%255Eo%25253Aid%25253Ds%2525253ApermTableView_widget_23e1e1f8-fd95-407b-9307-d6e76c11c1fe_5371e9a0-5990-4392-b844-c57cff800f01-column-vCommunity%2525257CGuest%25252520OS%2525257CServices%2525257CPrint%25252520Spooler%2525257CService%25252520Status3%25255Ehidden%25253Db%2525253A0%255Eo%25253Aid%25253Ds%2525253ApermTableView_widget_23e1e1f8-fd95-407b-9307-d6e76c11c1fe_5371e9a0-5990-4392-b844-c57cff800f01-column-vCommunity%2525257CGuest%25252520OS%2525257CServices%2525257COpenSSH%25252520SSH%25252520Server%2525257CService%25252520Status4%25255Ehidden%25253Db%2525253A0",
               "key": "permTableView_widget_23e1e1f8-fd95-407b-9307-d6e76c11c1fe_5371e9a0-5990-4392-b844-c57cff800f01"
            }]
         }
      ],
      "userId": "e86c1095-4cd9-43ef-b33e-5c23ae71a75d",
      "states": [{
         "value": "o%3AdateRange%3Ds%253AlastHour%5EdateRangeText%3Ds%253A1H",
         "key": "permDashboardTime_dashboard_23e1e1f8-fd95-407b-9307-d6e76c11c1fe"
      }],
      "homeTab": false,
      "name": "vCommunity | Windows Services",
      "gridsterMaxColumns": 12,
      "rank": 0,
      "disabled": false,
      "id": "23e1e1f8-fd95-407b-9307-d6e76c11c1fe",
      "locked": false,
      "dashboardNavigations": {},
      "widgetInteractions": [],
      "lastUpdateTime": 1762644841945
   }],
   "uuid": "a9adddff-2d73-4dbb-a90a-1a2b39b16cd9"
}