{
   "entries": {
      "resourceKind": [{
         "resourceKindKey": "mpb_github_components",
         "internalId": "resourceKind:id:0_::_",
         "adapterKindKey": "mpb_github"
      }],
      "resource": [
         {
            "resourceKindKey": "mpb_github_world",
            "internalId": "resource:id:0_::_",
            "adapterKindKey": "mpb_github",
            "identifiers": [],
            "name": "GitHub World"
         },
         {
            "resourceKindKey": "mpb_github",
            "internalId": "resource:id:1_::_",
            "adapterKindKey": "mpb_github",
            "identifiers": [{
               "value": "www.githubstatus.com",
               "key": "mpb_hostname"
            }],
            "name": "GitHub"
         }
      ]
   },
   "dashboards": [{
      "shared": false,
      "temporary": false,
      "hidden": false,
      "creationTime": 1745114991464,
      "autoswitchEnabled": false,
      "importAttempts": 0,
      "lastUpdateUserId": "6b8550f8-3c36-4c1c-8652-0dfe29ed61a3",
      "columnProportion": "1-1",
      "importComplete": true,
      "description": "",
      "columnCount": 1,
      "widgets": [
         {
            "collapsed": false,
            "id": "4eb222cd-79d1-452f-b381-75a92dd41811",
            "gridsterCoords": {
               "w": 4,
               "x": 6,
               "h": 11,
               "y": 6
            },
            "type": "View",
            "title": "GitHub | Component Status",
            "config": {
               "refreshInterval": 300,
               "resource": {
                  "resourceId": "resource:id:0_::_",
                  "traversalSpecId": "",
                  "resourceName": "GitHub World",
                  "resourceKindId": "002010mpb_githubmpb_github_world",
                  "id": "Ext.vcops.chrome.model.Resource-109"
               },
               "traversalSpecId": null,
               "refreshContent": {"refreshContent": true},
               "isUpdatedView": true,
               "chartViewItems": [],
               "selectFirstRow": {"selectFirstRow": true},
               "selfProvider": {"selfProvider": true},
               "title": "GitHub | Component Status",
               "viewDefinitionId": "a353263a-dfb0-44d2-95d7-d7c55b715232"
            },
            "height": 608,
            "states": [
               {
                  "value": "b%3A0",
                  "key": "perm_isDashboardTime_widget_0b1cafca-3545-43c9-970c-8a50c9e64796_4eb222cd-79d1-452f-b381-75a92dd41811"
               },
               {
                  "value": "o%3Acolumns%3Da%253Ao%25253Aid%25253Ds%2525253ApermTableView_widget_0b1cafca-3545-43c9-970c-8a50c9e64796_4eb222cd-79d1-452f-b381-75a92dd41811-column-0%25255Ehidden%25253Db%2525253A0%25255Ewidth%25253Dn%2525253A135.0546875%255Eo%25253Aid%25253Ds%2525253ApermTableView_widget_0b1cafca-3545-43c9-970c-8a50c9e64796_4eb222cd-79d1-452f-b381-75a92dd41811-column-Status1%25255Ehidden%25253Db%2525253A0%25255Ewidth%25253Dn%2525253A106%255Eo%25253Aid%25253Ds%2525253ApermTableView_widget_0b1cafca-3545-43c9-970c-8a50c9e64796_4eb222cd-79d1-452f-b381-75a92dd41811-column-description2%25255Ehidden%25253Db%2525253A0%25255Ewidth%25253Dn%2525253A432",
                  "key": "permTableView_widget_0b1cafca-3545-43c9-970c-8a50c9e64796_4eb222cd-79d1-452f-b381-75a92dd41811"
               }
            ]
         },
         {
            "collapsed": false,
            "id": "c24acf49-4a07-4e80-ab0b-9bd586878046",
            "gridsterCoords": {
               "w": 9,
               "x": 1,
               "h": 5,
               "y": 1
            },
            "type": "Scoreboard",
            "title": "GitHub | Scoreboard",
            "config": {
               "maxCellCount": 100,
               "oldMetricValues": true,
               "relationshipMode": {"relationshipMode": 0},
               "valueSize": 24,
               "title": "GitHub | Scoreboard",
               "boxHeight": null,
               "showResourceName": {"showResourceName": true},
               "roundDecimals": null,
               "mode": {"layoutMode": "fixedView"},
               "labelSize": 16,
               "customFilter": {
                  "filter": [],
                  "excludedResources": null,
                  "includedResources": null
               },
               "selfProvider": {"selfProvider": true},
               "resInteractionMode": null,
               "visualTheme": 6,
               "showMetricName": {"showMetricName": false},
               "refreshInterval": 300,
               "resource": [],
               "showDT": {"showDT": false},
               "refreshContent": {"refreshContent": true},
               "showMetricUnit": {"showMetricUnit": false},
               "depth": 1,
               "metric": {
                  "mode": "resourceKind",
                  "resourceMetrics": [],
                  "resourceKindMetrics": [{
                     "yellowBound": null,
                     "metricName": "Status",
                     "metricKey": "Status",
                     "handleOldColoring": false,
                     "link": "",
                     "resourceKindName": "components",
                     "isStringMetric": true,
                     "resourceKindId": "resourceKind:id:0_::_",
                     "redBound": null,
                     "id": "extModel37721-2",
                     "orangeBound": null,
                     "colorMethod": 1
                  }],
                  "subMode": "resourceKindAll"
               },
               "showSparkline": {"showSparkline": false},
               "boxColumns": 6,
               "periodLength": "lastWeek"
            },
            "height": 267
         },
         {
            "collapsed": false,
            "id": "4cef2bb7-1b37-431e-99d4-f35646691ed5",
            "gridsterCoords": {
               "w": 2,
               "x": 10,
               "h": 19,
               "y": 1
            },
            "type": "MetricChart",
            "title": "GitHub",
            "config": {
               "depth": 2,
               "refreshInterval": 300,
               "metric": {
                  "mode": "resourceKind",
                  "resourceMetrics": [],
                  "resourceKindMetrics": [{
                     "yellowBound": null,
                     "metricName": "Status",
                     "metricKey": "Status",
                     "handleOldColoring": false,
                     "resourceKindName": "components",
                     "isStringMetric": true,
                     "resourceKindId": "resourceKind:id:0_::_",
                     "redBound": null,
                     "id": "extModel63067-1",
                     "orangeBound": null,
                     "colorMethod": 2
                  }]
               },
               "resource": [{
                  "name": "GitHub",
                  "id": "resource:id:1_::_"
               }],
               "refreshContent": {"refreshContent": true},
               "relationshipMode": {"relationshipMode": -1},
               "customFilter": {
                  "filter": [],
                  "excludedResources": null,
                  "includedResources": null
               },
               "selfProvider": {"selfProvider": true},
               "title": "GitHub",
               "resInteractionMode": null
            },
            "height": 1065,
            "states": [
               {
                  "value": "b%3A0",
                  "key": "perm_toolbarVisible_widget_0b1cafca-3545-43c9-970c-8a50c9e64796_4cef2bb7-1b37-431e-99d4-f35646691ed5"
               },
               {
                  "value": "o%3A",
                  "key": "permMetricChart_widget_0b1cafca-3545-43c9-970c-8a50c9e64796_4cef2bb7-1b37-431e-99d4-f35646691ed5"
               },
               {
                  "value": "b%3A0",
                  "key": "permBtn_pan_permMetricChart_widget_0b1cafca-3545-43c9-970c-8a50c9e64796_4cef2bb7-1b37-431e-99d4-f35646691ed5"
               },
               {
                  "value": "b%3A0",
                  "key": "permBtn_zoomAllGraphs_permMetricChart_widget_0b1cafca-3545-43c9-970c-8a50c9e64796_4cef2bb7-1b37-431e-99d4-f35646691ed5"
               },
               {
                  "value": "s%3A%7B%22dateRange%22%3A%22dashboardTime%22%2C%22dateFrom%22%3Anull%2C%22dateTo%22%3Anull%2C%22timeFrom%22%3Anull%2C%22timeTo%22%3Anull%7D",
                  "key": "permDateRange1_permMetricChart_widget_0b1cafca-3545-43c9-970c-8a50c9e64796_4cef2bb7-1b37-431e-99d4-f35646691ed5"
               }
            ]
         },
         {
            "collapsed": false,
            "id": "b7729970-762b-4e1f-9b69-b2405c27bedc",
            "gridsterCoords": {
               "w": 5,
               "x": 1,
               "h": 17,
               "y": 6
            },
            "type": "TextDisplay",
            "title": "www.githubstatus.com",
            "config": {
               "locationUrl": "https://www.githubstatus.com",
               "locationFile": "",
               "refreshInterval": 300,
               "refreshContent": {"refreshContent": false},
               "title": "www.githubstatus.com",
               "viewModeHTML": true
            },
            "height": 951
         }
      ],
      "userId": "6b8550f8-3c36-4c1c-8652-0dfe29ed61a3",
      "states": [{
         "value": "o%3AdateRange%3Ds%253Alast7Days%5EdateRangeText%3Ds%253A7D",
         "key": "permDashboardTime_dashboard_0b1cafca-3545-43c9-970c-8a50c9e64796"
      }],
      "homeTab": false,
      "name": "vCROCS | Github Status",
      "gridsterMaxColumns": 12,
      "rank": 0,
      "disabled": false,
      "id": "0b1cafca-3545-43c9-970c-8a50c9e64796",
      "locked": false,
      "dashboardNavigations": {},
      "widgetInteractions": [],
      "lastUpdateTime": 1745115168101
   }],
   "uuid": "5fc9168b-ec42-4cae-acc1-75d3e2a82136"
}