{
   "entries": {"resource": [{
      "resourceKindKey": "K8S-World",
      "internalId": "resource:id:0_::_",
      "adapterKindKey": "KubernetesAdapter",
      "identifiers": [],
      "name": "K8S-World"
   }]},
   "dashboards": [{
      "shared": false,
      "temporary": false,
      "hidden": false,
      "creationTime": 1717096948240,
      "autoswitchEnabled": false,
      "importAttempts": 0,
      "columnProportion": "1-1",
      "importComplete": true,
      "description": "",
      "widgets": [
         {
            "collapsed": false,
            "id": "f4ab258f-8d19-4a8d-848b-ded2a626873b",
            "gridsterCoords": {
               "w": 12,
               "x": 1,
               "h": 6,
               "y": 5
            },
            "type": "View",
            "title": "Cluster",
            "config": {
               "refreshInterval": 300,
               "resource": {
                  "resourceId": "resource:id:0_::_",
                  "traversalSpecId": "",
                  "resourceName": "K8S-World",
                  "resourceKindId": "002017KubernetesAdapterK8S-World",
                  "id": "Ext.vcops.chrome.model.Resource-10"
               },
               "traversalSpecId": null,
               "refreshContent": {"refreshContent": false},
               "isUpdatedView": true,
               "chartViewItems": [],
               "selectFirstRow": {"selectFirstRow": true},
               "selfProvider": {"selfProvider": true},
               "title": "Cluster",
               "viewDefinitionId": "44291e7b-05b4-4fb3-8812-5141de5c021f"
            },
            "height": 324,
            "states": [
               {
                  "value": "b%3A0",
                  "key": "perm_isDashboardTime_widget_bdf111f1-568a-410f-a91c-db2ce46d5bcd_f4ab258f-8d19-4a8d-848b-ded2a626873b"
               },
               {
                  "value": "b%3A0",
                  "key": "perm_toolbarVisible_widget_bdf111f1-568a-410f-a91c-db2ce46d5bcd_f4ab258f-8d19-4a8d-848b-ded2a626873b"
               }
            ]
         },
         {
            "collapsed": false,
            "id": "286d5f95-8743-420c-8ee5-4c5c703a31dc",
            "gridsterCoords": {
               "w": 6,
               "x": 1,
               "h": 12,
               "y": 11
            },
            "type": "View",
            "title": "Node",
            "config": {
               "refreshInterval": 300,
               "resource": null,
               "traversalSpecId": "",
               "refreshContent": {"refreshContent": false},
               "isUpdatedView": true,
               "chartViewItems": [],
               "selectFirstRow": {"selectFirstRow": true},
               "selfProvider": {"selfProvider": false},
               "title": "Node",
               "viewDefinitionId": "3df03c5f-cdf5-4f1d-8334-081b054edcbf"
            },
            "height": 666,
            "states": [
               {
                  "value": "b%3A0",
                  "key": "perm_isDashboardTime_widget_bdf111f1-568a-410f-a91c-db2ce46d5bcd_286d5f95-8743-420c-8ee5-4c5c703a31dc"
               },
               {
                  "value": "b%3A0",
                  "key": "perm_toolbarVisible_widget_bdf111f1-568a-410f-a91c-db2ce46d5bcd_286d5f95-8743-420c-8ee5-4c5c703a31dc"
               }
            ]
         },
         {
            "collapsed": false,
            "id": "b7642b79-7f24-4329-8c13-d4c76dc23b03",
            "gridsterCoords": {
               "w": 6,
               "x": 7,
               "h": 6,
               "y": 11
            },
            "type": "View",
            "title": "Namespace",
            "config": {
               "refreshInterval": 300,
               "resource": null,
               "traversalSpecId": "",
               "refreshContent": {"refreshContent": false},
               "isUpdatedView": true,
               "chartViewItems": [],
               "selectFirstRow": {"selectFirstRow": true},
               "selfProvider": {"selfProvider": false},
               "title": "Namespace",
               "viewDefinitionId": "497c6da1-cf9c-4869-b309-e15f819fdaf4"
            },
            "height": 324,
            "states": [
               {
                  "value": "b%3A0",
                  "key": "perm_toolbarVisible_widget_bdf111f1-568a-410f-a91c-db2ce46d5bcd_b7642b79-7f24-4329-8c13-d4c76dc23b03"
               },
               {
                  "value": "b%3A0",
                  "key": "perm_isDashboardTime_widget_bdf111f1-568a-410f-a91c-db2ce46d5bcd_b7642b79-7f24-4329-8c13-d4c76dc23b03"
               }
            ]
         },
         {
            "collapsed": false,
            "id": "4bbd7569-9fde-49ff-8054-2d7cfac09109",
            "gridsterCoords": {
               "w": 12,
               "x": 1,
               "h": 6,
               "y": 23
            },
            "type": "View",
            "title": "Pod",
            "config": {
               "refreshInterval": 300,
               "resource": null,
               "traversalSpecId": "",
               "refreshContent": {"refreshContent": false},
               "isUpdatedView": true,
               "chartViewItems": [],
               "selectFirstRow": {"selectFirstRow": true},
               "selfProvider": {"selfProvider": false},
               "title": "Pod",
               "viewDefinitionId": "03df3ff6-7655-4cb6-a3e4-ada3cee1c21f"
            },
            "height": 324,
            "states": [
               {
                  "value": "b%3A0",
                  "key": "perm_toolbarVisible_widget_bdf111f1-568a-410f-a91c-db2ce46d5bcd_4bbd7569-9fde-49ff-8054-2d7cfac09109"
               },
               {
                  "value": "b%3A0",
                  "key": "perm_isDashboardTime_widget_bdf111f1-568a-410f-a91c-db2ce46d5bcd_4bbd7569-9fde-49ff-8054-2d7cfac09109"
               }
            ]
         },
         {
            "collapsed": false,
            "id": "0218f579-8074-4dc6-b3c1-0a7253ca535c",
            "gridsterCoords": {
               "w": 12,
               "x": 1,
               "h": 6,
               "y": 29
            },
            "type": "View",
            "title": "Container",
            "config": {
               "refreshInterval": 300,
               "resource": null,
               "traversalSpecId": "",
               "refreshContent": {"refreshContent": false},
               "isUpdatedView": true,
               "chartViewItems": [],
               "selectFirstRow": {"selectFirstRow": true},
               "selfProvider": {"selfProvider": false},
               "title": "Container",
               "viewDefinitionId": "48e8193c-e3a9-4db4-b0ba-e6bac1dba696"
            },
            "height": 324,
            "states": [
               {
                  "value": "b%3A0",
                  "key": "perm_toolbarVisible_widget_bdf111f1-568a-410f-a91c-db2ce46d5bcd_0218f579-8074-4dc6-b3c1-0a7253ca535c"
               },
               {
                  "value": "b%3A0",
                  "key": "perm_isDashboardTime_widget_bdf111f1-568a-410f-a91c-db2ce46d5bcd_0218f579-8074-4dc6-b3c1-0a7253ca535c"
               }
            ]
         },
         {
            "collapsed": false,
            "id": "4d234661-a61a-4ada-a770-926e0a08f7c9",
            "gridsterCoords": {
               "w": 6,
               "x": 7,
               "h": 6,
               "y": 17
            },
            "type": "View",
            "title": "Workload",
            "config": {
               "refreshInterval": 300,
               "resource": null,
               "traversalSpecId": "",
               "refreshContent": {"refreshContent": false},
               "isUpdatedView": true,
               "chartViewItems": [],
               "selectFirstRow": {"selectFirstRow": true},
               "selfProvider": {"selfProvider": false},
               "title": "Workload",
               "viewDefinitionId": "ef31ce8b-4641-4c9c-b7f2-d0c62151b5be"
            },
            "height": 324,
            "states": [
               {
                  "value": "b%3A0",
                  "key": "perm_isDashboardTime_widget_bdf111f1-568a-410f-a91c-db2ce46d5bcd_4d234661-a61a-4ada-a770-926e0a08f7c9"
               },
               {
                  "value": "b%3A0",
                  "key": "perm_toolbarVisible_widget_bdf111f1-568a-410f-a91c-db2ce46d5bcd_4d234661-a61a-4ada-a770-926e0a08f7c9"
               }
            ]
         },
         {
            "collapsed": false,
            "id": "c309f5eb-8104-4ab1-bdfc-99410641502f",
            "gridsterCoords": {
               "w": 2,
               "x": 1,
               "h": 4,
               "y": 1
            },
            "type": "View",
            "title": "Nodes CPU Sizes",
            "config": {
               "refreshInterval": 300,
               "resource": {
                  "resourceId": "resource:id:0_::_",
                  "traversalSpecId": "",
                  "resourceName": "K8S-World",
                  "resourceKindId": "002017KubernetesAdapterK8S-World",
                  "id": "Ext.vcops.chrome.model.Resource-2"
               },
               "traversalSpecId": null,
               "refreshContent": {"refreshContent": false},
               "isUpdatedView": true,
               "chartViewItems": [],
               "selectFirstRow": {"selectFirstRow": false},
               "selfProvider": {"selfProvider": true},
               "title": "Nodes CPU Sizes",
               "viewDefinitionId": "9203d3dc-dcfa-4025-8e0c-d4a25bef50d1"
            },
            "height": 210,
            "states": [
               {
                  "value": "b%3A0",
                  "key": "perm_isDashboardTime_widget_bdf111f1-568a-410f-a91c-db2ce46d5bcd_c309f5eb-8104-4ab1-bdfc-99410641502f"
               },
               {
                  "value": "b%3A0",
                  "key": "perm_toolbarVisible_widget_bdf111f1-568a-410f-a91c-db2ce46d5bcd_c309f5eb-8104-4ab1-bdfc-99410641502f"
               }
            ]
         },
         {
            "collapsed": false,
            "id": "ffa8b99d-fd6b-4fb4-baa1-adccbc90201b",
            "gridsterCoords": {
               "w": 2,
               "x": 3,
               "h": 4,
               "y": 1
            },
            "type": "View",
            "title": "Nodes Memory Sizes",
            "config": {
               "refreshInterval": 300,
               "resource": {
                  "resourceId": "resource:id:0_::_",
                  "traversalSpecId": "",
                  "resourceName": "K8S-World",
                  "resourceKindId": "002017KubernetesAdapterK8S-World",
                  "id": "Ext.vcops.chrome.model.Resource-94"
               },
               "traversalSpecId": null,
               "refreshContent": {"refreshContent": false},
               "isUpdatedView": true,
               "chartViewItems": [],
               "selectFirstRow": {"selectFirstRow": false},
               "selfProvider": {"selfProvider": true},
               "title": "Nodes Memory Sizes",
               "viewDefinitionId": "50ca5511-db5c-45ad-b5fe-96c4ee4c79e6"
            },
            "height": 210,
            "states": [
               {
                  "value": "b%3A0",
                  "key": "perm_toolbarVisible_widget_bdf111f1-568a-410f-a91c-db2ce46d5bcd_ffa8b99d-fd6b-4fb4-baa1-adccbc90201b"
               },
               {
                  "value": "b%3A0",
                  "key": "perm_isDashboardTime_widget_bdf111f1-568a-410f-a91c-db2ce46d5bcd_ffa8b99d-fd6b-4fb4-baa1-adccbc90201b"
               }
            ]
         },
         {
            "collapsed": false,
            "id": "c3ce9987-c1f6-4801-b6a1-619c9a6c12f9",
            "gridsterCoords": {
               "w": 2,
               "x": 5,
               "h": 4,
               "y": 1
            },
            "type": "View",
            "title": "Pod CPU Limits",
            "config": {
               "refreshInterval": 300,
               "resource": {
                  "resourceId": "resource:id:0_::_",
                  "traversalSpecId": "",
                  "resourceName": "K8S-World",
                  "resourceKindId": "002017KubernetesAdapterK8S-World",
                  "id": "Ext.vcops.chrome.model.Resource-98"
               },
               "traversalSpecId": null,
               "refreshContent": {"refreshContent": false},
               "isUpdatedView": true,
               "chartViewItems": [],
               "selectFirstRow": {"selectFirstRow": false},
               "selfProvider": {"selfProvider": true},
               "title": "Pod CPU Limits",
               "viewDefinitionId": "38de2548-f54a-40a9-89f6-849f4475ab21"
            },
            "height": 210,
            "states": [
               {
                  "value": "b%3A0",
                  "key": "perm_toolbarVisible_widget_bdf111f1-568a-410f-a91c-db2ce46d5bcd_c3ce9987-c1f6-4801-b6a1-619c9a6c12f9"
               },
               {
                  "value": "b%3A0",
                  "key": "perm_isDashboardTime_widget_bdf111f1-568a-410f-a91c-db2ce46d5bcd_c3ce9987-c1f6-4801-b6a1-619c9a6c12f9"
               }
            ]
         },
         {
            "collapsed": false,
            "id": "9b6205cd-c142-43be-8e71-5c3ef66c47fe",
            "gridsterCoords": {
               "w": 2,
               "x": 7,
               "h": 4,
               "y": 1
            },
            "type": "View",
            "title": "Pod CPU Requests",
            "config": {
               "refreshInterval": 300,
               "resource": {
                  "resourceId": "resource:id:0_::_",
                  "traversalSpecId": "",
                  "resourceName": "K8S-World",
                  "resourceKindId": "002017KubernetesAdapterK8S-World",
                  "id": "Ext.vcops.chrome.model.Resource-102"
               },
               "traversalSpecId": null,
               "refreshContent": {"refreshContent": false},
               "isUpdatedView": true,
               "chartViewItems": [],
               "selectFirstRow": {"selectFirstRow": false},
               "selfProvider": {"selfProvider": true},
               "title": "Pod CPU Requests",
               "viewDefinitionId": "a0a3ec3b-b1f1-4941-878b-47731ecf6ddf"
            },
            "height": 210,
            "states": [
               {
                  "value": "b%3A0",
                  "key": "perm_isDashboardTime_widget_bdf111f1-568a-410f-a91c-db2ce46d5bcd_9b6205cd-c142-43be-8e71-5c3ef66c47fe"
               },
               {
                  "value": "b%3A0",
                  "key": "perm_toolbarVisible_widget_bdf111f1-568a-410f-a91c-db2ce46d5bcd_9b6205cd-c142-43be-8e71-5c3ef66c47fe"
               }
            ]
         },
         {
            "collapsed": false,
            "id": "5eb5f9c5-6f3b-49fe-be5f-daeddd64cc3d",
            "gridsterCoords": {
               "w": 2,
               "x": 11,
               "h": 4,
               "y": 1
            },
            "type": "View",
            "title": "Pod Memory Limits",
            "config": {
               "refreshInterval": 300,
               "resource": {
                  "resourceId": "resource:id:0_::_",
                  "traversalSpecId": "",
                  "resourceName": "K8S-World",
                  "resourceKindId": "002017KubernetesAdapterK8S-World",
                  "id": "Ext.vcops.chrome.model.Resource-110"
               },
               "traversalSpecId": null,
               "refreshContent": {"refreshContent": false},
               "isUpdatedView": true,
               "chartViewItems": [],
               "selectFirstRow": {"selectFirstRow": false},
               "selfProvider": {"selfProvider": true},
               "title": "Pod Memory Limits",
               "viewDefinitionId": "dee5561a-1af1-4980-ac24-515b1492988c"
            },
            "height": 210,
            "states": [
               {
                  "value": "b%3A0",
                  "key": "perm_isDashboardTime_widget_bdf111f1-568a-410f-a91c-db2ce46d5bcd_5eb5f9c5-6f3b-49fe-be5f-daeddd64cc3d"
               },
               {
                  "value": "b%3A0",
                  "key": "perm_toolbarVisible_widget_bdf111f1-568a-410f-a91c-db2ce46d5bcd_5eb5f9c5-6f3b-49fe-be5f-daeddd64cc3d"
               }
            ]
         },
         {
            "collapsed": false,
            "id": "7408e35b-d81c-42a8-8d8a-9a6d3456b8fc",
            "gridsterCoords": {
               "w": 2,
               "x": 9,
               "h": 4,
               "y": 1
            },
            "type": "View",
            "title": "Pod Memory Requests",
            "config": {
               "refreshInterval": 300,
               "resource": {
                  "resourceId": "resource:id:0_::_",
                  "traversalSpecId": "",
                  "resourceName": "K8S-World",
                  "resourceKindId": "002017KubernetesAdapterK8S-World",
                  "id": "Ext.vcops.chrome.model.Resource-106"
               },
               "traversalSpecId": null,
               "refreshContent": {"refreshContent": false},
               "isUpdatedView": true,
               "chartViewItems": [],
               "selectFirstRow": {"selectFirstRow": false},
               "selfProvider": {"selfProvider": true},
               "title": "Pod Memory Requests",
               "viewDefinitionId": "e410bde5-7498-4473-a593-d87098915a38"
            },
            "height": 210,
            "states": [
               {
                  "value": "b%3A0",
                  "key": "perm_toolbarVisible_widget_bdf111f1-568a-410f-a91c-db2ce46d5bcd_7408e35b-d81c-42a8-8d8a-9a6d3456b8fc"
               },
               {
                  "value": "b%3A0",
                  "key": "perm_isDashboardTime_widget_bdf111f1-568a-410f-a91c-db2ce46d5bcd_7408e35b-d81c-42a8-8d8a-9a6d3456b8fc"
               }
            ]
         }
      ],
      "states": [{
         "value": "o%3AdateRange%3Ds%253AlastHour%5EdateRangeText%3Ds%253A1H",
         "key": "permDashboardTime_dashboard_bdf111f1-568a-410f-a91c-db2ce46d5bcd"
      }],
      "homeTab": false,
      "rank": 0,
      "disabled": false,
      "id": "bdf111f1-568a-410f-a91c-db2ce46d5bcd",
      "adapterName": "KubernetesAdapter3",
      "locked": false,
      "dashboardNavigations": {},
      "widgetInteractions": [
         {
            "widgetIdProvider": "f4ab258f-8d19-4a8d-848b-ded2a626873b",
            "type": "resourceId",
            "widgetIdReceiver": "286d5f95-8743-420c-8ee5-4c5c703a31dc"
         },
         {
            "widgetIdProvider": "f4ab258f-8d19-4a8d-848b-ded2a626873b",
            "type": "resourceId",
            "widgetIdReceiver": "b7642b79-7f24-4329-8c13-d4c76dc23b03"
         },
         {
            "widgetIdProvider": "b7642b79-7f24-4329-8c13-d4c76dc23b03",
            "type": "resourceId",
            "widgetIdReceiver": "4bbd7569-9fde-49ff-8054-2d7cfac09109"
         },
         {
            "widgetIdProvider": "286d5f95-8743-420c-8ee5-4c5c703a31dc",
            "type": "resourceId",
            "widgetIdReceiver": "4bbd7569-9fde-49ff-8054-2d7cfac09109"
         },
         {
            "widgetIdProvider": "f4ab258f-8d19-4a8d-848b-ded2a626873b",
            "type": "resourceId",
            "widgetIdReceiver": "0218f579-8074-4dc6-b3c1-0a7253ca535c"
         },
         {
            "widgetIdProvider": "f4ab258f-8d19-4a8d-848b-ded2a626873b",
            "type": "resourceId",
            "widgetIdReceiver": "4d234661-a61a-4ada-a770-926e0a08f7c9"
         },
         {
            "widgetIdProvider": "b7642b79-7f24-4329-8c13-d4c76dc23b03",
            "type": "resourceId",
            "widgetIdReceiver": "4d234661-a61a-4ada-a770-926e0a08f7c9"
         },
         {
            "widgetIdProvider": "4d234661-a61a-4ada-a770-926e0a08f7c9",
            "type": "resourceId",
            "widgetIdReceiver": "4bbd7569-9fde-49ff-8054-2d7cfac09109"
         },
         {
            "widgetIdProvider": "4d234661-a61a-4ada-a770-926e0a08f7c9",
            "type": "resourceId",
            "widgetIdReceiver": "0218f579-8074-4dc6-b3c1-0a7253ca535c"
         },
         {
            "widgetIdProvider": "4bbd7569-9fde-49ff-8054-2d7cfac09109",
            "type": "resourceId",
            "widgetIdReceiver": "0218f579-8074-4dc6-b3c1-0a7253ca535c"
         },
         {
            "widgetIdProvider": "286d5f95-8743-420c-8ee5-4c5c703a31dc",
            "type": "resourceId",
            "widgetIdReceiver": "0218f579-8074-4dc6-b3c1-0a7253ca535c"
         },
         {
            "widgetIdProvider": "b7642b79-7f24-4329-8c13-d4c76dc23b03",
            "type": "resourceId",
            "widgetIdReceiver": "0218f579-8074-4dc6-b3c1-0a7253ca535c"
         },
         {
            "widgetIdProvider": "f4ab258f-8d19-4a8d-848b-ded2a626873b",
            "type": "resourceId",
            "widgetIdReceiver": "4bbd7569-9fde-49ff-8054-2d7cfac09109"
         }
      ],
      "namePath": "Kubernetes",
      "lastUpdateUserId": "7a1c5532-891a-4297-9089-b7b4628c185a",
      "columnCount": 1,
      "userId": "7a1c5532-891a-4297-9089-b7b4628c185a",
      "name": "MSK | Kubernetes Configuration",
      "gridsterMaxColumns": 12,
      "lastUpdateTime": 1717097868188
   }],
   "uuid": "4d89cbd7-60f7-41fd-b339-2c31e3a8d0ec"
}